id_inter,hagrid_one,hagrid_two,type
9026,123,94,NULL
11421,1,23,NULL
11422,1,271,NULL
8338,171,77,NULL
11423,1,19,NULL
11424,1,21,NULL
11134,15,271,NULL
11135,15,216,NULL
11136,15,210,NULL
10831,37,31,NULL
11137,15,19,NULL
11138,15,22,NULL
11139,15,41,NULL
8452,165,54,NULL
11394,3,185,NULL
11395,3,160,NULL
11396,3,161,NULL
11397,3,37,NULL
9140,119,159,NULL
8325,172,216,NULL
11398,3,166,NULL
10550,51,122,NULL
9881,82,274,NULL
11399,3,40,NULL
9122,120,281,NULL
11400,3,41,NULL
11401,3,42,NULL
11402,3,171,NULL
11403,3,49,NULL
11404,3,51,NULL
11339,6,192,NULL
11340,6,194,NULL
11341,6,195,NULL
8280,173,216,NULL
11342,6,198,NULL
11343,6,199,NULL
11344,6,200,NULL
10945,27,165,NULL
11345,6,201,NULL
11346,6,202,NULL
11347,6,204,NULL
11348,6,207,NULL
11349,6,210,NULL
11350,6,211,NULL
11351,6,212,NULL
11352,6,216,NULL
11353,6,219,NULL
11354,6,221,NULL
11355,6,226,NULL
11356,6,227,NULL
10755,40,245,NULL
11357,6,228,NULL
11358,6,231,NULL
11359,6,234,NULL
11360,6,241,NULL
11361,6,244,NULL
10943,28,15,NULL
11362,6,245,NULL
11363,6,247,NULL
11239,9,18,NULL
11240,9,112,NULL
11241,9,243,NULL
6751,302,113,NULL
11202,11,111,NULL
11203,11,147,NULL
11195,12,92,NULL
11174,13,68,NULL
11175,13,71,NULL
11176,13,211,NULL
11177,13,84,NULL
11178,13,96,NULL
11161,14,239,NULL
11162,14,117,NULL
11140,15,137,NULL
11405,3,52,NULL
11406,3,54,NULL
11407,3,56,NULL
11408,3,57,NULL
11409,3,65,NULL
11381,4,173,NULL
11364,6,250,NULL
11365,6,256,NULL
11366,6,269,NULL
11367,6,274,NULL
8842,138,205,NULL
11368,6,278,NULL
11369,6,281,NULL
11124,16,39,NULL
11163,14,120,NULL
11380,4,172,NULL
11425,1,22,NULL
9581,96,82,NULL
9470,100,53,NULL
7746,208,202,NULL
9697,91,137,NULL
11370,6,284,NULL
11371,6,290,NULL
11372,6,297,NULL
11373,6,298,NULL
11374,6,299,NULL
11264,6,6,NULL
11265,6,8,NULL
9123,120,110,NULL
11208,10,39,NULL
10938,30,137,NULL
11426,1,215,NULL
11427,1,26,NULL
11428,1,122,NULL
11410,3,199,NULL
11141,15,185,NULL
11411,3,74,NULL
11412,3,78,NULL
11413,3,215,NULL
11414,3,216,NULL
11266,6,9,NULL
11267,6,11,NULL
11268,6,12,NULL
11269,6,13,NULL
11270,6,14,NULL
8326,172,89,NULL
8023,193,44,NULL
11271,6,15,NULL
9812,85,115,NULL
11125,16,63,NULL
11242,9,116,NULL
11243,9,247,NULL
11204,11,92,NULL
11196,12,94,NULL
9694,92,60,NULL
11164,14,121,NULL
9695,92,61,NULL
11179,13,226,NULL
11180,13,231,NULL
11142,15,28,NULL
11077,19,52,NULL
11181,13,106,NULL
11182,13,236,NULL
11244,9,84,NULL
11183,13,112,NULL
11382,4,55,NULL
9485,99,283,NULL
11272,6,16,NULL
8327,172,94,NULL
9124,120,115,NULL
8328,172,96,NULL
11184,13,113,NULL
8794,143,219,NULL
8795,143,94,NULL
9882,82,276,NULL
8835,139,234,NULL
10756,40,249,NULL
10589,47,47,NULL
6776,299,216,NULL
10577,49,3,NULL
8051,192,231,NULL
9125,120,247,NULL
9261,113,112,NULL
9262,113,113,NULL
8329,172,97,NULL
9302,112,213,NULL
10757,40,122,NULL
8418,168,103,NULL
8268,174,220,NULL
8269,174,122,NULL
7731,209,63,NULL
11033,22,15,NULL
10662,42,54,NULL
10649,43,110,NULL
10650,43,121,NULL
6777,299,207,NULL
10681,41,24,NULL
8796,143,96,NULL
9757,86,219,NULL
8419,168,40,NULL
8024,193,113,NULL
10837,36,122,NULL
11258,8,210,NULL
11259,8,117,NULL
9209,116,118,NULL
11263,7,8,NULL
10907,33,22,NULL
10306,64,25,NULL
10307,64,117,NULL
10308,64,297,NULL
9833,84,250,NULL
9406,106,117,NULL
10411,61,105,NULL
10412,61,106,NULL
6752,302,243,NULL
9231,114,105,NULL
7834,202,208,NULL
8975,126,149,NULL
9126,120,122,NULL
11273,6,38,NULL
10930,32,215,NULL
7952,196,120,NULL
7953,196,94,NULL
7747,208,94,NULL
7723,210,123,NULL
11245,9,123,NULL
11375,5,223,NULL
9065,122,120,NULL
11429,1,245,NULL
11415,3,106,NULL
8145,184,22,NULL
11260,8,123,NULL
11261,8,221,NULL
11262,8,245,NULL
11110,18,120,NULL
11078,19,57,NULL
11079,19,185,NULL
11080,19,215,NULL
11081,19,223,NULL
11082,19,97,NULL
11083,19,168,NULL
11084,19,122,NULL
11050,21,22,NULL
11051,21,215,NULL
11034,22,221,NULL
11035,22,94,NULL
11036,22,96,NULL
11037,22,110,NULL
11038,22,41,NULL
11039,22,120,NULL
10994,23,216,NULL
10995,23,23,NULL
10996,23,298,NULL
10539,52,185,NULL
10997,23,61,NULL
10979,24,265,NULL
10980,24,41,NULL
10998,23,94,NULL
10939,29,73,NULL
10931,32,216,NULL
10932,32,221,NULL
10933,32,297,NULL
10934,32,122,NULL
8136,185,219,NULL
10908,33,215,NULL
10909,33,122,NULL
8483,164,117,NULL
10892,34,150,NULL
10893,34,216,NULL
10894,34,185,NULL
10895,34,122,NULL
10896,34,286,NULL
8484,164,122,NULL
6778,299,61,NULL
10820,38,6,NULL
10821,38,10,NULL
10822,38,185,NULL
10823,38,42,NULL
10824,38,286,NULL
10813,39,190,NULL
10814,39,118,NULL
10815,39,120,NULL
10816,39,123,NULL
10817,39,281,NULL
10818,39,298,NULL
10551,51,285,NULL
9184,117,117,NULL
10682,41,57,NULL
10683,41,122,NULL
10684,41,62,NULL
10663,42,215,NULL
10664,42,122,NULL
10651,43,298,NULL
10599,45,50,NULL
10600,45,150,NULL
10601,45,61,NULL
10602,45,94,NULL
10586,48,85,NULL
10578,49,46,NULL
10579,49,215,NULL
8330,172,106,NULL
8331,172,110,NULL
8332,172,190,NULL
10552,51,63,NULL
10540,52,122,NULL
8137,185,94,NULL
10529,54,74,NULL
10530,54,39,NULL
10309,64,251,NULL
10508,55,150,NULL
10509,55,122,NULL
10510,55,94,NULL
10499,56,122,NULL
10491,57,159,NULL
10476,59,60,NULL
10477,59,94,NULL
10469,60,124,NULL
10413,61,18,NULL
10414,61,110,NULL
10415,61,112,NULL
10416,61,113,NULL
10417,61,243,NULL
10418,61,116,NULL
10419,61,117,NULL
10420,61,247,NULL
10357,62,117,NULL
10310,64,124,NULL
10311,64,125,NULL
10312,64,85,NULL
10247,65,245,NULL
10248,65,120,NULL
10213,67,118,NULL
10214,67,126,NULL
10177,68,84,NULL
10154,69,119,NULL
10076,74,297,NULL
9977,76,94,NULL
9978,76,223,NULL
9967,77,206,NULL
9959,78,107,NULL
9960,78,113,NULL
9961,78,117,NULL
9962,78,120,NULL
9913,80,61,NULL
9914,80,62,NULL
9915,80,223,NULL
10421,61,120,NULL
11040,22,253,NULL
9851,83,27,NULL
9758,86,220,NULL
10249,65,251,NULL
9670,94,234,NULL
9671,94,126,NULL
9582,96,115,NULL
9583,96,247,NULL
9584,96,120,NULL
9585,96,84,NULL
9586,96,124,NULL
9587,96,298,NULL
9506,98,122,NULL
9507,98,170,NULL
9508,98,223,NULL
8165,181,223,NULL
9486,99,57,NULL
9407,106,247,NULL
9408,106,121,NULL
9409,106,125,NULL
9410,106,126,NULL
6753,302,181,NULL
6754,302,118,NULL
6755,302,152,NULL
6756,301,10,NULL
9357,109,92,NULL
9358,109,104,NULL
9349,110,111,NULL
9350,110,112,NULL
9351,110,245,NULL
9352,110,120,NULL
9353,110,124,NULL
9263,113,114,NULL
9264,113,243,NULL
9265,113,117,NULL
9266,113,118,NULL
9185,117,119,NULL
9186,117,121,NULL
9127,120,123,NULL
9128,120,124,NULL
9066,122,250,NULL
9027,123,223,NULL
9009,124,284,NULL
9010,124,94,NULL
8567,160,121,NULL
10077,74,212,NULL
8990,125,89,NULL
8991,125,125,NULL
8976,126,92,NULL
8977,126,94,NULL
8924,135,188,NULL
8836,139,31,NULL
8797,143,97,NULL
8798,143,226,NULL
8799,143,234,NULL
8800,143,210,NULL
8801,143,110,NULL
8802,143,239,NULL
8803,143,190,NULL
8804,143,20,NULL
8793,143,89,NULL
8682,151,239,NULL
8683,151,240,NULL
8684,151,113,NULL
8685,151,120,NULL
8686,151,121,NULL
8521,163,250,NULL
8485,164,123,NULL
8453,165,215,NULL
8454,165,122,NULL
8455,165,27,NULL
8456,165,63,NULL
8441,166,97,NULL
8442,166,227,NULL
8443,166,245,NULL
8444,166,122,NULL
10333,63,103,NULL
8420,168,120,NULL
8421,168,298,NULL
8393,169,223,NULL
8384,170,20,NULL
8385,170,253,NULL
8333,172,120,NULL
8270,174,223,NULL
8252,175,175,NULL
8253,175,42,NULL
8226,176,82,NULL
8227,176,110,NULL
8214,177,79,NULL
8192,179,284,NULL
8486,164,124,NULL
8153,183,62,NULL
8154,183,223,NULL
8138,185,223,NULL
8139,185,98,NULL
8140,185,166,NULL
8141,185,41,NULL
8025,193,243,NULL
8026,193,120,NULL
7996,194,125,NULL
7970,195,137,NULL
7828,203,89,NULL
7829,203,94,NULL
7786,207,125,NULL
7724,210,124,NULL
8174,180,143,NULL
8175,180,208,NULL
8176,180,50,NULL
8177,180,85,NULL
7818,204,120,NULL
7819,204,60,NULL
10618,44,303,NULL
10619,44,188,NULL
10620,44,61,NULL
10621,44,94,NULL
9700,90,197,NULL
7659,211,210,NULL
7660,211,211,NULL
7661,211,84,NULL
7662,211,85,NULL
7663,211,221,NULL
7664,211,96,NULL
11185,13,114,NULL
11186,13,116,NULL
9222,115,223,NULL
7835,202,18,NULL
10470,60,85,NULL
8193,179,94,NULL
11187,13,117,NULL
8228,176,143,NULL
8229,176,178,NULL
8230,176,116,NULL
9411,106,85,NULL
9187,117,125,NULL
7603,213,60,NULL
9995,75,173,NULL
9996,75,176,NULL
9997,75,178,NULL
9998,75,64,NULL
9999,75,194,NULL
10000,75,74,NULL
10001,75,75,NULL
10002,75,207,NULL
10003,75,82,NULL
10004,75,211,NULL
10005,75,85,NULL
10006,75,88,NULL
10007,75,89,NULL
10008,75,94,NULL
10009,75,96,NULL
10010,75,106,NULL
10011,75,210,NULL
10012,75,245,NULL
10013,75,20,NULL
11246,9,126,NULL
9928,79,61,NULL
7946,197,60,NULL
10422,61,84,NULL
8522,163,125,NULL
8825,140,175,NULL
11274,6,39,NULL
9590,95,6,NULL
11416,3,122,NULL
9741,88,117,NULL
9742,88,151,NULL
9743,88,88,NULL
9744,88,89,NULL
9745,88,60,NULL
9714,89,192,NULL
9715,89,193,NULL
9716,89,75,NULL
9717,89,203,NULL
9718,89,76,NULL
9719,89,82,NULL
9720,89,216,NULL
9721,89,89,NULL
9722,89,94,NULL
9723,89,97,NULL
9724,89,234,NULL
9725,89,110,NULL
9726,89,120,NULL
9727,89,124,NULL
9728,89,125,NULL
9542,97,124,NULL
9306,111,12,NULL
9307,111,110,NULL
8215,177,284,NULL
8216,177,61,NULL
8217,177,94,NULL
8218,177,223,NULL
7879,200,22,NULL
7880,200,151,NULL
7881,200,216,NULL
7882,200,276,NULL
7836,202,120,NULL
7582,215,49,NULL
7583,215,179,NULL
7584,215,52,NULL
7585,215,185,NULL
7586,215,61,NULL
7587,215,199,NULL
7588,215,74,NULL
7589,215,215,NULL
7590,215,169,NULL
7591,215,121,NULL
7592,215,122,NULL
7557,216,117,NULL
7558,216,227,NULL
7559,216,228,NULL
7560,216,103,NULL
7561,216,106,NULL
7562,216,107,NULL
7563,216,112,NULL
7564,216,212,NULL
7565,216,121,NULL
7566,216,63,NULL
7567,216,124,NULL
7555,216,94,NULL
7556,216,223,NULL
7503,217,139,NULL
7553,216,71,NULL
7554,216,15,NULL
10334,63,110,NULL
10335,63,245,NULL
9963,78,122,NULL
10078,74,122,NULL
8992,125,85,NULL
7924,199,122,NULL
7925,199,125,NULL
8231,176,120,NULL
8232,176,281,NULL
9147,118,92,NULL
7971,195,25,NULL
7972,195,94,NULL
8197,178,110,NULL
9232,114,137,NULL
9233,114,94,NULL
8281,173,39,NULL
8282,173,60,NULL
8283,173,62,NULL
9813,85,116,NULL
9814,85,120,NULL
9815,85,106,NULL
9852,83,60,NULL
9834,84,61,NULL
7973,195,16,NULL
10974,25,106,NULL
10975,25,110,NULL
10976,25,120,NULL
10977,25,121,NULL
8198,178,137,NULL
7497,219,207,NULL
7498,219,220,NULL
7499,219,221,NULL
7500,219,62,NULL
7501,219,213,NULL
7502,218,62,NULL
8066,190,94,NULL
8067,190,223,NULL
8628,152,159,NULL
8916,136,223,NULL
10084,73,263,NULL
11420,1,33,NULL
11417,2,222,NULL
7478,220,220,NULL
7479,220,285,NULL
7433,223,169,NULL
10910,33,223,NULL
9746,88,120,NULL
8142,185,249,NULL
10758,40,21,NULL
10685,41,223,NULL
7434,223,121,NULL
7435,223,123,NULL
7436,223,170,NULL
7385,224,223,NULL
8905,137,85,NULL
7377,226,113,NULL
7805,205,150,NULL
7806,205,298,NULL
10358,62,281,NULL
7807,205,94,NULL
7808,205,165,NULL
7287,232,164,NULL
8735,150,253,NULL
7285,234,94,NULL
7266,235,164,NULL
9267,113,123,NULL
7264,236,94,NULL
11188,13,212,NULL
9696,92,126,NULL
7257,237,238,NULL
8143,185,122,NULL
7265,236,95,NULL
8805,143,106,NULL
9752,87,87,NULL
7240,240,60,NULL
10079,74,251,NULL
10531,54,165,NULL
10936,31,37,NULL
7883,200,74,NULL
9680,93,234,NULL
8958,130,62,NULL
7866,201,298,NULL
8806,142,220,NULL
10423,61,123,NULL
7641,212,254,NULL
8568,160,125,NULL
7310,231,118,NULL
7311,231,247,NULL
7312,231,126,NULL
9487,99,219,NULL
9488,99,221,NULL
9489,99,94,NULL
9490,99,223,NULL
7480,220,159,NULL
7224,243,106,NULL
7225,243,39,NULL
7226,243,61,NULL
8178,180,120,NULL
8993,125,117,NULL
8233,176,126,NULL
7665,211,234,NULL
7666,211,115,NULL
8687,151,125,NULL
8334,172,170,NULL
7199,245,239,NULL
7200,245,116,NULL
7201,245,245,NULL
7202,245,124,NULL
7203,245,125,NULL
7161,247,150,NULL
7162,247,247,NULL
7163,247,120,NULL
7164,247,137,NULL
7165,247,175,NULL
7166,247,61,NULL
7137,250,250,NULL
7138,250,122,NULL
7139,250,158,NULL
7126,251,94,NULL
10080,74,125,NULL
10250,65,298,NULL
7112,253,253,NULL
7106,255,255,NULL
7102,256,150,NULL
7103,256,55,NULL
7104,256,216,NULL
7105,256,94,NULL
7084,261,149,NULL
7083,261,92,NULL
10424,61,234,NULL
7051,263,256,NULL
7050,264,215,NULL
7040,267,3,NULL
7039,268,119,NULL
7016,271,166,NULL
7015,271,165,NULL
7014,271,1,NULL
7006,274,281,NULL
7007,274,68,NULL
7008,274,201,NULL
7009,274,61,NULL
7010,274,94,NULL
7011,274,85,NULL
6977,276,211,NULL
6978,276,85,NULL
6979,276,216,NULL
6980,276,89,NULL
6981,276,219,NULL
6982,276,94,NULL
6983,276,96,NULL
6984,276,110,NULL
6955,278,6,NULL
6956,278,278,NULL
6957,278,119,NULL
6958,278,159,NULL
6938,281,207,NULL
6937,281,78,NULL
6936,281,274,NULL
6935,281,62,NULL
6934,281,297,NULL
6933,281,39,NULL
6932,281,6,NULL
6931,281,197,NULL
6930,281,64,NULL
6913,283,97,NULL
6912,283,64,NULL
6879,284,139,NULL
6878,284,137,NULL
6877,284,6,NULL
6870,285,51,NULL
6869,285,47,NULL
6868,285,40,NULL
6858,286,32,NULL
6750,302,199,NULL
6749,302,71,NULL
6748,302,67,NULL
6747,302,66,NULL
6746,302,160,NULL
6745,303,221,NULL
6744,303,150,NULL
6743,303,35,NULL
6742,303,61,NULL
6741,303,44,NULL
6740,303,297,NULL
6739,303,168,NULL
6738,303,295,NULL
6737,303,99,NULL
6736,303,97,NULL
6735,304,94,NULL
6734,304,137,NULL
6727,306,306,NULL
6724,307,307,NULL
6723,307,97,NULL
6732,305,120,NULL
6731,305,212,NULL
6730,305,130,NULL
6729,305,137,NULL
6728,305,162,NULL
6722,308,308,NULL
6726,306,40,NULL
6775,299,201,NULL
6774,299,139,NULL
6773,299,67,NULL
6772,299,18,NULL
6771,299,177,NULL
6770,299,111,NULL
6769,299,110,NULL
6768,299,109,NULL
6767,299,299,NULL
6766,299,74,NULL
6765,299,137,NULL
6764,299,104,NULL
6763,299,6,NULL
6762,299,11,NULL
6761,300,133,NULL
6760,300,148,NULL
6759,300,275,NULL
6758,300,40,NULL
6757,301,301,NULL
6733,305,189,NULL
6725,307,172,NULL
7087,259,169,NULL
10883,35,124,NULL
10882,35,123,NULL
10881,35,245,NULL
10880,35,40,NULL
10879,35,239,NULL
10878,35,110,NULL
10877,35,106,NULL
10876,35,227,NULL
10875,35,97,NULL
10874,35,223,NULL
10873,35,94,NULL
10872,35,221,NULL
10871,35,36,NULL
10870,35,216,NULL
10869,35,87,NULL
10868,35,163,NULL
10867,35,210,NULL
10866,35,209,NULL
10865,35,205,NULL
10864,35,74,NULL
10863,35,71,NULL
10862,35,192,NULL
10861,35,63,NULL
10860,35,61,NULL
10859,35,183,NULL
10858,35,179,NULL
10857,35,136,NULL
10856,35,303,NULL
10855,35,174,NULL
10854,35,199,NULL
10853,35,297,NULL
10852,35,168,NULL
10851,35,295,NULL
10850,35,164,NULL
10849,35,35,NULL
10848,35,32,NULL
10847,35,286,NULL
10846,35,284,NULL
10845,35,283,NULL
10844,35,25,NULL
10843,35,152,NULL
10842,35,150,NULL
10841,35,276,NULL
10840,35,137,NULL
10839,35,8,NULL
10838,35,64,NULL
6885,284,151,NULL
6884,284,22,NULL
6883,284,276,NULL
6882,284,18,NULL
6881,284,88,NULL
6880,284,16,NULL
6876,285,63,NULL
6875,285,285,NULL
6874,285,220,NULL
6873,285,122,NULL
6872,285,185,NULL
6871,285,22,NULL
6867,286,122,NULL
6866,286,185,NULL
6865,286,216,NULL
6864,286,151,NULL
6863,286,298,NULL
6862,286,231,NULL
6861,286,38,NULL
6860,286,35,NULL
6859,286,34,NULL
6857,287,227,NULL
6856,288,137,NULL
6851,290,290,NULL
6852,290,74,NULL
6853,290,245,NULL
6854,290,6,NULL
6855,290,162,NULL
6850,291,291,NULL
6849,294,189,NULL
6848,294,175,NULL
6847,294,201,NULL
6846,294,168,NULL
6845,294,71,NULL
6844,294,294,NULL
6843,295,223,NULL
6842,295,106,NULL
6841,295,54,NULL
6840,295,35,NULL
6839,295,241,NULL
6838,295,303,NULL
6837,295,110,NULL
6836,295,205,NULL
6835,295,74,NULL
6834,295,39,NULL
6833,295,131,NULL
6832,295,99,NULL
6831,295,192,NULL
6830,297,106,NULL
6829,297,123,NULL
6828,297,234,NULL
6827,297,99,NULL
6826,297,226,NULL
6825,297,223,NULL
6824,297,221,NULL
6823,297,219,NULL
6822,297,86,NULL
6821,297,227,NULL
6820,297,82,NULL
6819,297,98,NULL
6818,297,74,NULL
6817,297,69,NULL
6816,297,64,NULL
6815,297,54,NULL
6814,297,303,NULL
6813,297,172,NULL
6812,297,297,NULL
6811,297,168,NULL
6810,297,37,NULL
6809,297,35,NULL
6808,297,32,NULL
6807,297,281,NULL
6806,297,143,NULL
6805,297,263,NULL
6804,297,6,NULL
6803,298,42,NULL
6802,298,248,NULL
6801,298,245,NULL
6800,298,115,NULL
6799,298,98,NULL
6798,298,96,NULL
6797,298,221,NULL
6796,298,205,NULL
6795,298,201,NULL
6794,298,69,NULL
6793,298,65,NULL
6792,298,58,NULL
6791,298,185,NULL
6790,298,54,NULL
6789,298,243,NULL
6788,298,43,NULL
6787,298,298,NULL
6786,298,168,NULL
6785,298,39,NULL
6784,298,37,NULL
6783,298,164,NULL
6782,298,286,NULL
6781,298,283,NULL
6780,298,23,NULL
6779,298,6,NULL
6886,284,152,NULL
6887,284,283,NULL
6888,284,160,NULL
6889,284,35,NULL
6890,284,37,NULL
6891,284,43,NULL
6892,284,172,NULL
6893,284,177,NULL
6894,284,179,NULL
6895,284,60,NULL
6896,284,189,NULL
6897,284,64,NULL
6898,284,66,NULL
6899,284,199,NULL
6900,284,201,NULL
6901,284,74,NULL
6902,284,207,NULL
6903,284,210,NULL
6904,284,163,NULL
6905,284,216,NULL
6906,284,71,NULL
6907,284,94,NULL
6908,284,234,NULL
6909,284,113,NULL
6910,284,120,NULL
6911,284,124,NULL
6914,283,163,NULL
6915,283,211,NULL
6916,283,39,NULL
6917,283,298,NULL
6918,283,43,NULL
6919,283,172,NULL
6920,283,174,NULL
6921,283,207,NULL
6922,283,99,NULL
6923,283,35,NULL
6924,283,276,NULL
6925,283,54,NULL
6926,283,151,NULL
6927,283,25,NULL
6928,283,284,NULL
6929,283,61,NULL
6939,281,176,NULL
6940,281,177,NULL
6941,281,210,NULL
6942,281,211,NULL
6943,281,85,NULL
6944,281,150,NULL
6945,281,151,NULL
6946,281,120,NULL
6947,281,281,NULL
6948,281,152,NULL
6949,281,61,NULL
6950,281,94,NULL
6951,280,188,NULL
6952,279,28,NULL
6954,278,69,NULL
6953,278,228,NULL
6976,276,82,NULL
6975,276,207,NULL
6974,276,75,NULL
6973,276,200,NULL
6972,276,64,NULL
6971,276,55,NULL
6970,276,50,NULL
6969,276,172,NULL
6968,276,43,NULL
6967,276,170,NULL
6966,276,35,NULL
6965,276,284,NULL
6964,276,283,NULL
6963,276,25,NULL
6962,276,151,NULL
6961,276,18,NULL
6960,276,143,NULL
6959,276,263,NULL
6990,275,159,NULL
6989,275,123,NULL
6988,275,58,NULL
6987,275,152,NULL
6986,275,117,NULL
6985,275,300,NULL
7005,274,117,NULL
7004,274,212,NULL
7003,274,18,NULL
7002,274,112,NULL
7001,274,175,NULL
7000,274,82,NULL
6999,274,247,NULL
6998,274,202,NULL
6997,274,9,NULL
6996,274,71,NULL
6995,274,6,NULL
6994,274,269,NULL
6993,274,164,NULL
6992,274,67,NULL
6991,274,162,NULL
7013,273,269,NULL
7012,273,236,NULL
7017,271,15,NULL
7018,271,52,NULL
7019,271,188,NULL
7020,269,227,NULL
7021,269,68,NULL
7022,269,6,NULL
7023,269,71,NULL
7024,269,9,NULL
7025,269,106,NULL
7026,269,204,NULL
7027,269,14,NULL
7028,269,207,NULL
7029,269,112,NULL
7030,269,273,NULL
7031,269,274,NULL
7032,269,83,NULL
7033,269,212,NULL
7034,269,117,NULL
7035,269,157,NULL
7036,269,137,NULL
7037,269,152,NULL
7038,269,221,NULL
7041,267,40,NULL
7042,267,267,NULL
7043,267,20,NULL
7044,267,117,NULL
7045,267,122,NULL
7046,265,24,NULL
7047,265,137,NULL
7048,265,69,NULL
7049,265,14,NULL
7052,263,4,NULL
7053,263,263,NULL
7054,263,137,NULL
7055,263,23,NULL
7056,263,173,NULL
7057,263,276,NULL
7058,263,151,NULL
7059,263,25,NULL
7060,263,40,NULL
7061,263,297,NULL
7062,263,170,NULL
7063,263,43,NULL
7064,263,172,NULL
7065,263,45,NULL
7066,263,62,NULL
7067,263,117,NULL
7068,263,64,NULL
7069,263,73,NULL
7070,263,75,NULL
7071,263,210,NULL
7072,263,85,NULL
7073,263,89,NULL
7074,263,143,NULL
7075,263,94,NULL
7076,263,223,NULL
7077,263,96,NULL
7078,263,99,NULL
7079,263,82,NULL
7080,263,112,NULL
7081,263,190,NULL
7082,263,120,NULL
7085,261,126,NULL
7086,260,133,NULL
7090,257,62,NULL
7089,257,130,NULL
7088,257,129,NULL
7101,256,85,NULL
7100,256,82,NULL
7099,256,143,NULL
7098,256,173,NULL
7097,256,263,NULL
7096,256,40,NULL
7095,256,97,NULL
7094,256,6,NULL
7093,256,75,NULL
7092,256,64,NULL
7091,256,96,NULL
7107,254,212,NULL
7111,253,150,NULL
7110,253,85,NULL
7109,253,170,NULL
7108,253,22,NULL
7118,252,94,NULL
7117,252,251,NULL
7116,252,150,NULL
7115,252,244,NULL
7114,252,227,NULL
7113,252,64,NULL
7125,251,252,NULL
7124,251,150,NULL
7123,251,244,NULL
7122,251,74,NULL
7121,251,227,NULL
7120,251,65,NULL
7119,251,64,NULL
7136,250,249,NULL
7135,250,86,NULL
7134,250,84,NULL
7133,250,174,NULL
7132,250,141,NULL
7131,250,139,NULL
7130,250,104,NULL
7129,250,6,NULL
7128,250,228,NULL
7127,250,163,NULL
7144,249,249,NULL
7143,249,247,NULL
7142,249,250,NULL
7141,249,185,NULL
7140,249,40,NULL
7148,248,159,NULL
7147,248,94,NULL
7146,248,298,NULL
7145,248,137,NULL
7160,247,210,NULL
7159,247,50,NULL
7158,247,79,NULL
7157,247,274,NULL
7156,247,71,NULL
7155,247,106,NULL
7154,247,9,NULL
7153,247,249,NULL
7152,247,231,NULL
7151,247,6,NULL
7150,247,131,NULL
7149,247,96,NULL
7168,246,212,NULL
7167,246,210,NULL
7198,245,110,NULL
7197,245,236,NULL
7196,245,105,NULL
7195,245,93,NULL
7194,245,216,NULL
7193,245,78,NULL
7192,245,205,NULL
7191,245,75,NULL
7190,245,74,NULL
7189,245,199,NULL
7188,245,65,NULL
7187,245,63,NULL
7186,245,179,NULL
7185,245,71,NULL
7184,245,298,NULL
7183,245,41,NULL
7182,245,40,NULL
7181,245,39,NULL
7180,245,166,NULL
7179,245,35,NULL
7178,245,290,NULL
7177,245,161,NULL
7176,245,160,NULL
7175,245,159,NULL
7174,245,143,NULL
7173,245,137,NULL
7172,245,8,NULL
7171,245,6,NULL
7170,245,130,NULL
7169,245,1,NULL
7212,244,252,NULL
7211,244,251,NULL
7210,244,244,NULL
7209,244,174,NULL
7208,244,137,NULL
7207,244,39,NULL
7206,244,6,NULL
7205,244,227,NULL
7204,244,162,NULL
7223,243,113,NULL
7222,243,16,NULL
7221,243,157,NULL
7220,243,302,NULL
7219,243,44,NULL
7218,243,103,NULL
7217,243,298,NULL
7216,243,9,NULL
7215,243,135,NULL
7214,243,68,NULL
7213,243,193,NULL
7232,241,16,NULL
7231,241,204,NULL
7230,241,295,NULL
7229,241,6,NULL
7228,241,197,NULL
7227,241,130,NULL
7239,240,151,NULL
7238,240,195,NULL
7237,240,207,NULL
7236,240,40,NULL
7235,240,197,NULL
7234,240,67,NULL
7233,240,83,NULL
7254,239,117,NULL
7253,239,189,NULL
7252,239,175,NULL
7251,239,151,NULL
7250,239,245,NULL
7249,239,14,NULL
7248,239,210,NULL
7247,239,112,NULL
7246,239,143,NULL
7245,239,207,NULL
7244,239,199,NULL
7243,239,106,NULL
7242,239,103,NULL
7241,239,35,NULL
7256,238,237,NULL
7255,238,40,NULL
7263,236,60,NULL
7262,236,245,NULL
7261,236,273,NULL
7260,236,13,NULL
7259,236,113,NULL
7258,236,195,NULL
7284,234,61,NULL
7283,234,284,NULL
7282,234,143,NULL
7281,234,89,NULL
7280,234,85,NULL
7279,234,211,NULL
7278,234,210,NULL
7277,234,189,NULL
7276,234,93,NULL
7275,234,82,NULL
7274,234,139,NULL
7273,234,234,NULL
7272,234,297,NULL
7271,234,71,NULL
7270,234,6,NULL
7269,234,115,NULL
7268,234,226,NULL
7267,234,96,NULL
7286,233,33,NULL
7309,231,112,NULL
7308,231,231,NULL
7307,231,226,NULL
7306,231,94,NULL
7305,231,79,NULL
7304,231,212,NULL
7303,231,207,NULL
7302,231,78,NULL
7301,231,74,NULL
7300,231,68,NULL
7299,231,67,NULL
7298,231,192,NULL
7297,231,61,NULL
7296,231,44,NULL
7295,231,40,NULL
7294,231,286,NULL
7293,231,151,NULL
7292,231,18,NULL
7291,231,13,NULL
7290,231,9,NULL
7289,231,8,NULL
7288,231,6,NULL
7313,230,220,NULL
7314,229,229,NULL
7324,228,63,NULL
7323,228,122,NULL
7322,228,188,NULL
7321,228,250,NULL
7320,228,216,NULL
7319,228,278,NULL
7318,228,170,NULL
7317,228,105,NULL
7316,228,6,NULL
7315,228,227,NULL
7352,227,252,NULL
7351,227,251,NULL
7350,227,122,NULL
7349,227,120,NULL
7348,227,244,NULL
7347,227,110,NULL
7346,227,228,NULL
7345,227,97,NULL
7344,227,216,NULL
7343,227,210,NULL
7342,227,208,NULL
7341,227,201,NULL
7340,227,199,NULL
7339,227,69,NULL
7338,227,192,NULL
7337,227,63,NULL
7336,227,61,NULL
7335,227,43,NULL
7334,227,297,NULL
7333,227,39,NULL
7332,227,166,NULL
7331,227,35,NULL
7330,227,287,NULL
7329,227,25,NULL
7328,227,151,NULL
7327,227,269,NULL
7326,227,9,NULL
7325,227,6,NULL
7376,226,231,NULL
7375,226,234,NULL
7374,226,103,NULL
7373,226,99,NULL
7372,226,96,NULL
7371,226,85,NULL
7370,226,83,NULL
7369,226,210,NULL
7368,226,76,NULL
7367,226,74,NULL
7366,226,199,NULL
7365,226,65,NULL
7364,226,61,NULL
7363,226,170,NULL
7362,226,297,NULL
7361,226,39,NULL
7360,226,163,NULL
7359,226,152,NULL
7358,226,151,NULL
7357,226,18,NULL
7356,226,143,NULL
7355,226,13,NULL
7354,226,136,NULL
7353,226,6,NULL
7384,224,176,NULL
7383,224,205,NULL
7382,224,138,NULL
7381,224,137,NULL
7380,224,69,NULL
7379,224,97,NULL
7378,224,224,NULL
7432,223,62,NULL
7431,223,115,NULL
7430,223,110,NULL
7429,223,33,NULL
7428,223,99,NULL
7427,223,98,NULL
7426,223,97,NULL
7425,223,224,NULL
7424,223,94,NULL
7423,223,216,NULL
7422,223,41,NULL
7421,223,163,NULL
7420,223,82,NULL
7419,223,80,NULL
7418,223,78,NULL
7417,223,76,NULL
7416,223,96,NULL
7415,223,199,NULL
7414,223,198,NULL
7413,223,65,NULL
7412,223,64,NULL
7411,223,63,NULL
7410,223,190,NULL
7409,223,61,NULL
7408,223,60,NULL
7407,223,185,NULL
7406,223,183,NULL
7405,223,181,NULL
7404,223,177,NULL
7403,223,174,NULL
7402,223,193,NULL
7401,223,297,NULL
7400,223,40,NULL
7399,223,295,NULL
7398,223,164,NULL
7397,223,35,NULL
7396,223,161,NULL
7395,223,151,NULL
7394,223,150,NULL
7393,223,19,NULL
7392,223,14,NULL
7391,223,137,NULL
7390,223,136,NULL
7389,223,263,NULL
7388,223,5,NULL
7387,223,131,NULL
7386,223,192,NULL
7437,222,2,NULL
7462,221,211,NULL
7461,221,105,NULL
7460,221,99,NULL
7459,221,97,NULL
7458,221,96,NULL
7457,221,221,NULL
7456,221,219,NULL
7455,221,163,NULL
7454,221,78,NULL
7453,221,71,NULL
7452,221,61,NULL
7451,221,54,NULL
7450,221,303,NULL
7449,221,44,NULL
7448,221,298,NULL
7447,221,297,NULL
7446,221,40,NULL
7445,221,164,NULL
7444,221,35,NULL
7443,221,32,NULL
7442,221,22,NULL
7441,221,269,NULL
7440,221,8,NULL
7439,221,6,NULL
7438,221,150,NULL
7477,220,219,NULL
7476,220,122,NULL
7475,220,119,NULL
7474,220,86,NULL
7473,220,117,NULL
7472,220,212,NULL
7471,220,50,NULL
7470,220,174,NULL
7469,220,82,NULL
7468,220,137,NULL
7467,220,40,NULL
7466,220,142,NULL
7465,220,134,NULL
7464,220,230,NULL
7463,220,210,NULL
7496,219,25,NULL
7495,219,276,NULL
7494,219,151,NULL
7493,219,86,NULL
7492,219,85,NULL
7491,219,20,NULL
7490,219,82,NULL
7489,219,143,NULL
7488,219,78,NULL
7487,219,43,NULL
7486,219,297,NULL
7485,219,168,NULL
7484,219,71,NULL
7483,219,6,NULL
7482,219,185,NULL
7481,219,99,NULL
7552,216,89,NULL
7551,216,216,NULL
7550,216,85,NULL
7549,216,84,NULL
7548,216,83,NULL
7547,216,210,NULL
7546,216,81,NULL
7545,216,80,NULL
7544,216,207,NULL
7543,216,74,NULL
7542,216,200,NULL
7541,216,199,NULL
7540,216,196,NULL
7539,216,194,NULL
7538,216,65,NULL
7537,216,64,NULL
7536,216,245,NULL
7535,216,61,NULL
7534,216,60,NULL
7533,216,185,NULL
7532,216,183,NULL
7531,216,50,NULL
7530,216,173,NULL
7529,216,172,NULL
7528,216,43,NULL
7527,216,170,NULL
7526,216,41,NULL
7525,216,40,NULL
7524,216,39,NULL
7523,216,35,NULL
7522,216,34,NULL
7521,216,32,NULL
7520,216,159,NULL
7519,216,286,NULL
7518,216,284,NULL
7517,216,25,NULL
7516,216,23,NULL
7515,216,150,NULL
7514,216,276,NULL
7513,216,3,NULL
7512,216,18,NULL
7511,216,88,NULL
7510,216,143,NULL
7509,216,151,NULL
7508,216,135,NULL
7507,216,6,NULL
7506,216,22,NULL
7505,216,299,NULL
7504,216,256,NULL
7581,215,42,NULL
7580,215,41,NULL
7579,215,40,NULL
7578,215,166,NULL
7577,215,165,NULL
7576,215,33,NULL
7575,215,32,NULL
7574,215,23,NULL
7573,215,22,NULL
7572,215,21,NULL
7571,215,19,NULL
7570,215,264,NULL
7569,215,3,NULL
7568,215,1,NULL
7596,214,117,NULL
7595,214,98,NULL
7594,214,137,NULL
7593,214,112,NULL
7602,213,219,NULL
7601,213,117,NULL
7600,213,112,NULL
7599,213,106,NULL
7598,213,137,NULL
7597,213,64,NULL
7640,212,123,NULL
7639,212,246,NULL
7638,212,117,NULL
7637,212,116,NULL
7636,212,112,NULL
7635,212,189,NULL
7634,212,106,NULL
7633,212,60,NULL
7632,212,231,NULL
7631,212,96,NULL
7630,212,93,NULL
7629,212,220,NULL
7628,212,216,NULL
7627,212,84,NULL
7626,212,79,NULL
7625,212,74,NULL
7624,212,68,NULL
7623,212,193,NULL
7622,212,61,NULL
7621,212,188,NULL
7620,212,305,NULL
7619,212,44,NULL
7618,212,40,NULL
7617,212,37,NULL
7616,212,164,NULL
7615,212,163,NULL
7614,212,160,NULL
7613,212,152,NULL
7612,212,274,NULL
7611,212,14,NULL
7610,212,269,NULL
7609,212,13,NULL
7608,212,139,NULL
7607,212,9,NULL
7606,212,135,NULL
7605,212,6,NULL
7604,212,129,NULL
7658,211,81,NULL
7657,211,75,NULL
7656,211,71,NULL
7655,211,198,NULL
7654,211,197,NULL
7653,211,68,NULL
7652,211,193,NULL
7651,211,64,NULL
7650,211,61,NULL
7649,211,172,NULL
7648,211,283,NULL
7647,211,281,NULL
7646,211,276,NULL
7645,211,147,NULL
7644,211,13,NULL
7643,211,6,NULL
7642,211,131,NULL
7722,210,120,NULL
7721,210,247,NULL
7720,210,246,NULL
7719,210,117,NULL
7718,210,83,NULL
7717,210,113,NULL
7716,210,239,NULL
7715,210,110,NULL
7714,210,234,NULL
7713,210,103,NULL
7712,210,227,NULL
7711,210,226,NULL
7710,210,97,NULL
7709,210,96,NULL
7708,210,94,NULL
7707,210,220,NULL
7706,210,15,NULL
7705,210,216,NULL
7704,210,85,NULL
7703,210,211,NULL
7702,210,210,NULL
7701,210,78,NULL
7700,210,45,NULL
7699,210,76,NULL
7698,210,75,NULL
7697,210,74,NULL
7696,210,199,NULL
7695,210,70,NULL
7694,210,197,NULL
7693,210,195,NULL
7692,210,194,NULL
7691,210,65,NULL
7690,210,64,NULL
7689,210,189,NULL
7688,210,183,NULL
7687,210,182,NULL
7686,210,180,NULL
7685,210,172,NULL
7684,210,136,NULL
7683,210,173,NULL
7682,210,44,NULL
7681,210,71,NULL
7680,210,92,NULL
7679,210,166,NULL
7678,210,35,NULL
7677,210,284,NULL
7676,210,281,NULL
7675,210,151,NULL
7674,210,9,NULL
7673,210,18,NULL
7672,210,143,NULL
7671,210,12,NULL
7670,210,137,NULL
7669,210,8,NULL
7668,210,263,NULL
7667,210,6,NULL
7730,209,151,NULL
7729,209,208,NULL
7728,209,207,NULL
7727,209,137,NULL
7726,209,200,NULL
7725,209,35,NULL
7745,208,200,NULL
7744,208,90,NULL
7743,208,88,NULL
7742,208,190,NULL
7741,208,180,NULL
7740,208,209,NULL
7739,208,208,NULL
7738,208,74,NULL
7737,208,168,NULL
7736,208,39,NULL
7735,208,227,NULL
7734,208,194,NULL
7733,208,65,NULL
7732,208,160,NULL
7785,207,120,NULL
7784,207,240,NULL
7783,207,239,NULL
7782,207,231,NULL
7781,207,101,NULL
7780,207,96,NULL
7779,207,219,NULL
7778,207,216,NULL
7777,207,82,NULL
7776,207,81,NULL
7775,207,80,NULL
7774,207,207,NULL
7773,207,75,NULL
7772,207,200,NULL
7771,207,195,NULL
7770,207,65,NULL
7769,207,192,NULL
7768,207,61,NULL
7767,207,60,NULL
7766,207,59,NULL
7765,207,177,NULL
7764,207,299,NULL
7763,207,170,NULL
7762,207,39,NULL
7761,207,32,NULL
7760,207,284,NULL
7759,207,283,NULL
7758,207,281,NULL
7757,207,151,NULL
7756,207,22,NULL
7755,207,276,NULL
7754,207,88,NULL
7753,207,143,NULL
7752,207,269,NULL
7751,207,209,NULL
7750,207,6,NULL
7749,207,150,NULL
7748,207,64,NULL
7788,206,77,NULL
7787,206,40,NULL
7804,205,245,NULL
7803,205,163,NULL
7802,205,78,NULL
7801,205,205,NULL
7800,205,62,NULL
7799,205,138,NULL
7798,205,137,NULL
7797,205,40,NULL
7796,205,199,NULL
7795,205,295,NULL
7794,205,70,NULL
7793,205,164,NULL
7792,205,35,NULL
7791,205,224,NULL
7790,205,97,NULL
7789,205,160,NULL
7817,204,201,NULL
7816,204,113,NULL
7815,204,112,NULL
7814,204,269,NULL
7813,204,241,NULL
7812,204,177,NULL
7811,204,39,NULL
7810,204,6,NULL
7809,204,67,NULL
7827,203,151,NULL
7826,203,50,NULL
7825,203,45,NULL
7824,203,172,NULL
7823,203,203,NULL
7822,203,168,NULL
7821,203,193,NULL
7820,203,64,NULL
7833,202,274,NULL
7832,202,201,NULL
7831,202,6,NULL
7830,202,64,NULL
7865,201,120,NULL
7864,201,114,NULL
7863,201,274,NULL
7862,201,227,NULL
7861,201,96,NULL
7860,201,94,NULL
7859,201,85,NULL
7858,201,78,NULL
7857,201,204,NULL
7856,201,202,NULL
7855,201,201,NULL
7854,201,71,NULL
7853,201,69,NULL
7852,201,67,NULL
7851,201,61,NULL
7850,201,181,NULL
7849,201,74,NULL
7848,201,177,NULL
7847,201,176,NULL
7846,201,299,NULL
7845,201,170,NULL
7844,201,40,NULL
7843,201,294,NULL
7842,201,284,NULL
7841,201,150,NULL
7840,201,18,NULL
7839,201,136,NULL
7838,201,6,NULL
7837,201,131,NULL
7878,200,180,NULL
7877,200,209,NULL
7876,200,208,NULL
7875,200,207,NULL
7874,200,110,NULL
7873,200,43,NULL
7872,200,170,NULL
7871,200,6,NULL
7870,200,196,NULL
7869,200,194,NULL
7868,200,65,NULL
7867,200,96,NULL
7923,199,245,NULL
7922,199,239,NULL
7921,199,106,NULL
7920,199,103,NULL
7919,199,227,NULL
7918,199,98,NULL
7917,199,223,NULL
7916,199,216,NULL
7915,199,215,NULL
7914,199,35,NULL
7913,199,210,NULL
7912,199,205,NULL
7911,199,78,NULL
7910,199,226,NULL
7909,199,74,NULL
7908,199,71,NULL
7907,199,67,NULL
7906,199,65,NULL
7905,199,63,NULL
7904,199,61,NULL
7903,199,9,NULL
7902,199,181,NULL
7901,199,189,NULL
7900,199,176,NULL
7899,199,302,NULL
7898,199,172,NULL
7897,199,40,NULL
7896,199,163,NULL
7895,199,160,NULL
7894,199,159,NULL
7893,199,284,NULL
7892,199,25,NULL
7891,199,152,NULL
7890,199,147,NULL
7889,199,143,NULL
7888,199,137,NULL
7887,199,136,NULL
7886,199,6,NULL
7885,199,3,NULL
7884,199,130,NULL
7933,198,223,NULL
7932,198,94,NULL
7931,198,211,NULL
7930,198,175,NULL
7929,198,137,NULL
7928,198,71,NULL
7927,198,6,NULL
7926,198,198,NULL
7945,197,90,NULL
7944,197,281,NULL
7943,197,151,NULL
7942,197,211,NULL
7941,197,210,NULL
7940,197,241,NULL
7939,197,240,NULL
7938,197,79,NULL
7937,197,140,NULL
7936,197,103,NULL
7935,197,177,NULL
7934,197,197,NULL
7951,196,151,NULL
7950,196,216,NULL
7949,196,200,NULL
7948,196,39,NULL
7947,196,64,NULL
7969,195,151,NULL
7968,195,22,NULL
7967,195,85,NULL
7966,195,116,NULL
7965,195,210,NULL
7964,195,113,NULL
7963,195,112,NULL
7962,195,207,NULL
7961,195,114,NULL
7960,195,236,NULL
7959,195,105,NULL
7958,195,65,NULL
7957,195,6,NULL
7956,195,150,NULL
7955,195,67,NULL
7954,195,240,NULL
7995,194,120,NULL
7994,194,110,NULL
7993,194,94,NULL
7992,194,216,NULL
7991,194,85,NULL
7990,194,210,NULL
7989,194,208,NULL
7988,194,75,NULL
7987,194,200,NULL
7986,194,194,NULL
7985,194,64,NULL
7984,194,180,NULL
7983,194,50,NULL
7982,194,176,NULL
7981,194,172,NULL
7980,194,170,NULL
7979,194,39,NULL
7978,194,151,NULL
7977,194,149,NULL
7976,194,18,NULL
7975,194,143,NULL
7974,194,6,NULL
8022,193,103,NULL
8021,193,96,NULL
8020,193,223,NULL
8019,193,94,NULL
8018,193,89,NULL
8017,193,88,NULL
8016,193,85,NULL
8015,193,212,NULL
8014,193,211,NULL
8013,193,203,NULL
8012,193,74,NULL
8011,193,193,NULL
8010,193,64,NULL
8009,193,9,NULL
8008,193,50,NULL
8007,193,175,NULL
8006,193,174,NULL
8005,193,172,NULL
8004,193,168,NULL
8003,193,163,NULL
8002,193,33,NULL
8001,193,159,NULL
8000,193,157,NULL
7999,193,146,NULL
7998,193,137,NULL
7997,193,192,NULL
8050,192,227,NULL
8049,192,98,NULL
8048,192,97,NULL
8047,192,223,NULL
8046,192,94,NULL
8045,192,89,NULL
8044,192,85,NULL
8043,192,207,NULL
8042,192,78,NULL
8041,192,75,NULL
8040,192,193,NULL
8039,192,64,NULL
8038,192,61,NULL
8037,192,45,NULL
8036,192,172,NULL
8035,192,43,NULL
8034,192,168,NULL
8033,192,295,NULL
8032,192,35,NULL
8031,192,151,NULL
8030,192,150,NULL
8029,192,9,NULL
8028,192,6,NULL
8027,192,192,NULL
8052,191,137,NULL
8065,190,61,NULL
8064,190,120,NULL
8063,190,85,NULL
8062,190,117,NULL
8061,190,82,NULL
8060,190,112,NULL
8059,190,143,NULL
8058,190,172,NULL
8057,190,263,NULL
8056,190,170,NULL
8055,190,39,NULL
8054,190,6,NULL
8053,190,208,NULL
8089,189,115,NULL
8088,189,113,NULL
8087,189,239,NULL
8086,189,234,NULL
8085,189,103,NULL
8084,189,97,NULL
8083,189,94,NULL
8082,189,212,NULL
8081,189,210,NULL
8080,189,74,NULL
8079,189,199,NULL
8078,189,67,NULL
8077,189,189,NULL
8076,189,168,NULL
8075,189,305,NULL
8074,189,40,NULL
8073,189,294,NULL
8072,189,160,NULL
8071,189,284,NULL
8070,189,152,NULL
8069,189,147,NULL
8068,189,6,NULL
8110,188,63,NULL
8109,188,94,NULL
8108,188,188,NULL
8107,188,116,NULL
8106,188,280,NULL
8105,188,9,NULL
8104,188,85,NULL
8103,188,212,NULL
8102,188,168,NULL
8101,188,112,NULL
8100,188,271,NULL
8099,188,110,NULL
8098,188,44,NULL
8097,188,106,NULL
8096,188,60,NULL
8095,188,80,NULL
8094,188,135,NULL
8093,188,6,NULL
8092,188,228,NULL
8091,188,160,NULL
8090,188,64,NULL
8135,185,216,NULL
8134,185,215,NULL
8133,185,78,NULL
8132,185,61,NULL
8131,185,185,NULL
8130,185,57,NULL
8129,185,52,NULL
8128,185,51,NULL
8127,185,171,NULL
8126,185,298,NULL
8125,185,169,NULL
8124,185,40,NULL
8123,185,38,NULL
8122,185,36,NULL
8121,185,34,NULL
8120,185,32,NULL
8119,185,286,NULL
8118,185,285,NULL
8117,185,22,NULL
8116,185,25,NULL
8115,185,150,NULL
8114,185,19,NULL
8113,185,15,NULL
8112,185,179,NULL
8111,185,3,NULL
8144,184,43,NULL
8152,183,124,NULL
8151,183,216,NULL
8150,183,150,NULL
8149,183,210,NULL
8148,183,114,NULL
8147,183,35,NULL
8146,183,64,NULL
8156,182,117,NULL
8155,182,210,NULL
8164,181,121,NULL
8163,181,14,NULL
8162,181,99,NULL
8161,181,48,NULL
8160,181,302,NULL
8159,181,201,NULL
8158,181,199,NULL
8157,181,67,NULL
8173,180,110,NULL
8172,180,210,NULL
8171,180,172,NULL
8170,180,9,NULL
8169,180,200,NULL
8168,180,39,NULL
8167,180,6,NULL
8166,180,194,NULL
8191,179,185,NULL
8190,179,215,NULL
8189,179,245,NULL
8188,179,179,NULL
8187,179,115,NULL
8186,179,16,NULL
8185,179,74,NULL
8184,179,137,NULL
8183,179,19,NULL
8182,179,164,NULL
8181,179,35,NULL
8180,179,160,NULL
8179,179,64,NULL
8196,178,75,NULL
8195,178,64,NULL
8194,178,176,NULL
8213,177,281,NULL
8212,177,120,NULL
8211,177,114,NULL
8210,177,177,NULL
8209,177,207,NULL
8208,177,18,NULL
8207,177,204,NULL
8206,177,299,NULL
8205,177,170,NULL
8204,177,201,NULL
8203,177,113,NULL
8202,177,6,NULL
8201,177,197,NULL
8200,177,67,NULL
8199,177,64,NULL
8225,176,75,NULL
8224,176,201,NULL
8223,176,199,NULL
8222,176,6,NULL
8221,176,194,NULL
8220,176,64,NULL
8219,176,224,NULL
8251,175,56,NULL
8250,175,247,NULL
8249,175,193,NULL
8248,175,274,NULL
8247,175,239,NULL
8246,175,96,NULL
8245,175,61,NULL
8244,175,172,NULL
8243,175,39,NULL
8242,175,170,NULL
8241,175,140,NULL
8240,175,168,NULL
8239,175,71,NULL
8238,175,294,NULL
8237,175,6,NULL
8236,175,98,NULL
8235,175,198,NULL
8234,175,64,NULL
8267,174,283,NULL
8266,174,250,NULL
8265,174,151,NULL
8264,174,244,NULL
8263,174,35,NULL
8262,174,50,NULL
8261,174,174,NULL
8260,174,45,NULL
8259,174,172,NULL
8258,174,106,NULL
8257,174,40,NULL
8256,174,6,NULL
8255,174,163,NULL
8254,174,193,NULL
8279,173,210,NULL
8278,173,110,NULL
8277,173,173,NULL
8276,173,75,NULL
8275,173,9,NULL
8274,173,263,NULL
8273,173,6,NULL
8272,173,4,NULL
8271,173,256,NULL
8324,172,85,NULL
8323,172,211,NULL
8322,172,210,NULL
8321,172,80,NULL
8320,172,78,NULL
8319,172,203,NULL
8318,172,74,NULL
8317,172,199,NULL
8316,172,75,NULL
8315,172,194,NULL
8314,172,65,NULL
8313,172,64,NULL
8312,172,62,NULL
8311,172,61,NULL
8310,172,60,NULL
8309,172,180,NULL
8308,172,307,NULL
8307,172,50,NULL
8306,172,175,NULL
8305,172,174,NULL
8304,172,45,NULL
8303,172,172,NULL
8302,172,43,NULL
8301,172,193,NULL
8300,172,297,NULL
8299,172,168,NULL
8298,172,39,NULL
8297,172,163,NULL
8296,172,284,NULL
8295,172,283,NULL
8294,172,25,NULL
8293,172,151,NULL
8292,172,22,NULL
8291,172,276,NULL
8290,172,88,NULL
8289,172,143,NULL
8288,172,137,NULL
8287,172,263,NULL
8286,172,150,NULL
8285,172,4,NULL
8284,172,192,NULL
8337,171,3,NULL
8336,171,185,NULL
8335,171,19,NULL
8383,170,120,NULL
8382,170,62,NULL
8381,170,110,NULL
8380,170,106,NULL
8379,170,228,NULL
8378,170,98,NULL
8377,170,96,NULL
8376,170,223,NULL
8375,170,94,NULL
8374,170,79,NULL
8373,170,89,NULL
8372,170,216,NULL
8371,170,84,NULL
8370,170,82,NULL
8369,170,207,NULL
8368,170,226,NULL
8367,170,76,NULL
8366,170,74,NULL
8365,170,201,NULL
8364,170,200,NULL
8363,170,194,NULL
8362,170,65,NULL
8361,170,64,NULL
8360,170,190,NULL
8359,170,61,NULL
8358,170,60,NULL
8357,170,54,NULL
8356,170,177,NULL
8355,170,175,NULL
8354,170,172,NULL
8353,170,43,NULL
8352,170,170,NULL
8351,170,168,NULL
8350,170,39,NULL
8349,170,163,NULL
8348,170,25,NULL
8347,170,152,NULL
8346,170,151,NULL
8345,170,22,NULL
8344,170,276,NULL
8343,170,18,NULL
8342,170,143,NULL
8341,170,263,NULL
8340,170,6,NULL
8339,170,131,NULL
8392,169,185,NULL
8391,169,215,NULL
8390,169,22,NULL
8389,169,74,NULL
8388,169,169,NULL
8387,169,259,NULL
8386,169,64,NULL
8417,168,94,NULL
8416,168,219,NULL
8415,168,208,NULL
8414,168,203,NULL
8413,168,193,NULL
8412,168,192,NULL
8411,168,189,NULL
8410,168,188,NULL
8409,168,303,NULL
8408,168,172,NULL
8407,168,170,NULL
8406,168,297,NULL
8405,168,168,NULL
8404,168,294,NULL
8403,168,35,NULL
8402,168,159,NULL
8401,168,175,NULL
8400,168,25,NULL
8399,168,151,NULL
8398,168,19,NULL
8397,168,143,NULL
8396,168,9,NULL
8395,168,6,NULL
8394,168,128,NULL
8422,167,137,NULL
8440,166,15,NULL
8439,166,215,NULL
8438,166,210,NULL
8437,166,74,NULL
8436,166,63,NULL
8435,166,60,NULL
8434,166,185,NULL
8433,166,56,NULL
8432,166,41,NULL
8431,166,40,NULL
8430,166,166,NULL
8429,166,32,NULL
8428,166,22,NULL
8427,166,19,NULL
8426,166,271,NULL
8425,166,137,NULL
8424,166,6,NULL
8423,166,3,NULL
8451,165,19,NULL
8450,165,271,NULL
8449,165,205,NULL
8448,165,74,NULL
8447,165,41,NULL
8446,165,40,NULL
8445,165,165,NULL
8482,164,235,NULL
8481,164,232,NULL
8480,164,99,NULL
8479,164,223,NULL
8478,164,94,NULL
8477,164,221,NULL
8476,164,212,NULL
8475,164,163,NULL
8474,164,78,NULL
8473,164,205,NULL
8472,164,71,NULL
8471,164,61,NULL
8470,164,54,NULL
8469,164,179,NULL
8468,164,43,NULL
8467,164,298,NULL
8466,164,40,NULL
8465,164,164,NULL
8464,164,35,NULL
8463,164,34,NULL
8462,164,161,NULL
8461,164,147,NULL
8460,164,274,NULL
8459,164,137,NULL
8458,164,8,NULL
8457,164,6,NULL
8520,163,120,NULL
8519,163,115,NULL
8518,163,106,NULL
8517,163,226,NULL
8516,163,223,NULL
8515,163,94,NULL
8514,163,221,NULL
8513,163,88,NULL
8512,163,87,NULL
8511,163,212,NULL
8510,163,163,NULL
8509,163,205,NULL
8508,163,199,NULL
8507,163,69,NULL
8506,163,193,NULL
8505,163,174,NULL
8504,163,45,NULL
8503,163,172,NULL
8502,163,170,NULL
8501,163,40,NULL
8500,163,39,NULL
8499,163,38,NULL
8498,163,164,NULL
8497,163,35,NULL
8496,163,32,NULL
8495,163,157,NULL
8494,163,284,NULL
8493,163,283,NULL
8492,163,151,NULL
8491,163,22,NULL
8490,163,140,NULL
8489,163,137,NULL
8488,163,6,NULL
8487,163,150,NULL
8532,162,116,NULL
8531,162,244,NULL
8530,162,274,NULL
8529,162,305,NULL
8528,162,14,NULL
8527,162,290,NULL
8526,162,138,NULL
8525,162,105,NULL
8524,162,6,NULL
8523,162,130,NULL
8540,161,223,NULL
8539,161,122,NULL
8538,161,245,NULL
8537,161,74,NULL
8536,161,40,NULL
8535,161,6,NULL
8534,161,164,NULL
8533,161,3,NULL
8566,160,245,NULL
8565,160,110,NULL
8564,160,93,NULL
8563,160,212,NULL
8562,160,208,NULL
8561,160,205,NULL
8560,160,75,NULL
8559,160,74,NULL
8558,160,71,NULL
8557,160,69,NULL
8556,160,63,NULL
8555,160,189,NULL
8554,160,188,NULL
8553,160,179,NULL
8552,160,50,NULL
8551,160,302,NULL
8550,160,199,NULL
8549,160,40,NULL
8548,160,39,NULL
8547,160,159,NULL
8546,160,284,NULL
8545,160,143,NULL
8544,160,8,NULL
8543,160,135,NULL
8542,160,6,NULL
8541,160,3,NULL
8594,159,122,NULL
8593,159,248,NULL
8592,159,119,NULL
8591,159,245,NULL
8590,159,147,NULL
8589,159,103,NULL
8588,159,220,NULL
8587,159,216,NULL
8586,159,78,NULL
8585,159,75,NULL
8584,159,199,NULL
8583,159,193,NULL
8582,159,63,NULL
8581,159,61,NULL
8580,159,57,NULL
8579,159,71,NULL
8578,159,168,NULL
8577,159,39,NULL
8576,159,160,NULL
8575,159,154,NULL
8574,159,152,NULL
8573,159,151,NULL
8572,159,150,NULL
8571,159,275,NULL
8570,159,137,NULL
8569,159,278,NULL
8599,157,243,NULL
8598,157,157,NULL
8597,157,269,NULL
8596,157,163,NULL
8595,157,193,NULL
8600,156,156,NULL
8602,155,155,NULL
8601,155,105,NULL
8606,154,103,NULL
8605,154,135,NULL
8604,154,159,NULL
8603,154,154,NULL
8608,153,78,NULL
8607,153,16,NULL
8627,152,189,NULL
8626,152,284,NULL
8625,152,122,NULL
8624,152,281,NULL
8623,152,170,NULL
8622,152,150,NULL
8621,152,212,NULL
8620,152,3,NULL
8619,152,269,NULL
8618,152,302,NULL
8617,152,130,NULL
8616,152,74,NULL
8615,152,137,NULL
8614,152,40,NULL
8613,152,199,NULL
8612,152,6,NULL
8611,152,275,NULL
8610,152,35,NULL
8609,152,226,NULL
8681,151,110,NULL
8680,151,210,NULL
8679,151,231,NULL
8678,151,101,NULL
8677,151,227,NULL
8676,151,226,NULL
8675,151,96,NULL
8674,151,223,NULL
8673,151,94,NULL
8672,151,92,NULL
8671,151,219,NULL
8670,151,89,NULL
8669,151,216,NULL
8668,151,203,NULL
8667,151,85,NULL
8666,151,82,NULL
8665,151,81,NULL
8664,151,80,NULL
8663,151,207,NULL
8662,151,75,NULL
8661,151,200,NULL
8660,151,197,NULL
8659,151,196,NULL
8658,151,195,NULL
8657,151,194,NULL
8656,151,65,NULL
8655,151,192,NULL
8654,151,62,NULL
8653,151,61,NULL
8652,151,60,NULL
8651,151,174,NULL
8650,151,172,NULL
8649,151,170,NULL
8648,151,168,NULL
8647,151,39,NULL
8646,151,163,NULL
8645,151,159,NULL
8644,151,286,NULL
8643,151,284,NULL
8642,151,283,NULL
8641,151,281,NULL
8640,151,23,NULL
8639,151,22,NULL
8638,151,276,NULL
8637,151,18,NULL
8636,151,88,NULL
8635,151,143,NULL
8634,151,151,NULL
8633,151,209,NULL
8632,151,9,NULL
8631,151,263,NULL
8630,151,6,NULL
8629,151,64,NULL
8734,150,252,NULL
8733,150,123,NULL
8732,150,120,NULL
8731,150,247,NULL
8730,150,125,NULL
8729,150,110,NULL
8728,150,124,NULL
8727,150,251,NULL
8726,150,96,NULL
8725,150,223,NULL
8724,150,94,NULL
8723,150,93,NULL
8722,150,216,NULL
8721,150,85,NULL
8720,150,35,NULL
8719,150,207,NULL
8718,150,205,NULL
8717,150,183,NULL
8716,150,74,NULL
8715,150,201,NULL
8714,150,195,NULL
8713,150,192,NULL
8712,150,60,NULL
8711,150,185,NULL
8710,150,55,NULL
8709,150,50,NULL
8708,150,221,NULL
8707,150,45,NULL
8706,150,172,NULL
8705,150,43,NULL
8704,150,39,NULL
8703,150,163,NULL
8702,150,34,NULL
8701,150,32,NULL
8700,150,159,NULL
8699,150,303,NULL
8698,150,281,NULL
8697,150,152,NULL
8696,150,22,NULL
8695,150,18,NULL
8694,150,143,NULL
8693,150,13,NULL
8692,150,44,NULL
8691,150,6,NULL
8690,150,150,NULL
8689,150,256,NULL
8688,150,128,NULL
8739,149,126,NULL
8738,149,261,NULL
8737,149,194,NULL
8736,149,137,NULL
8741,148,300,NULL
8740,148,67,NULL
8755,147,159,NULL
8754,147,189,NULL
8753,147,85,NULL
8752,147,84,NULL
8751,147,147,NULL
8750,147,141,NULL
8749,147,13,NULL
8748,147,11,NULL
8747,147,74,NULL
8746,147,104,NULL
8745,147,199,NULL
8744,147,211,NULL
8743,147,164,NULL
8742,147,67,NULL
8757,146,193,NULL
8756,146,137,NULL
8758,145,130,NULL
8792,143,216,NULL
8791,143,82,NULL
8790,143,207,NULL
8789,143,76,NULL
8788,143,75,NULL
8787,143,199,NULL
8786,143,194,NULL
8785,143,65,NULL
8784,143,64,NULL
8783,143,245,NULL
8782,143,62,NULL
8781,143,61,NULL
8780,143,60,NULL
8779,143,55,NULL
8778,143,180,NULL
8777,143,50,NULL
8776,143,176,NULL
8775,143,172,NULL
8774,143,170,NULL
8773,143,297,NULL
8772,143,168,NULL
8771,143,39,NULL
8770,143,160,NULL
8769,143,25,NULL
8768,143,151,NULL
8767,143,22,NULL
8766,143,276,NULL
8765,143,143,NULL
8764,143,9,NULL
8763,143,8,NULL
8762,143,263,NULL
8761,143,6,NULL
8760,143,150,NULL
8759,143,256,NULL
8821,141,63,NULL
8820,141,250,NULL
8819,141,119,NULL
8818,141,67,NULL
8817,141,16,NULL
8816,141,78,NULL
8815,141,141,NULL
8814,141,107,NULL
8813,141,106,NULL
8812,141,105,NULL
8811,141,40,NULL
8810,141,39,NULL
8809,141,147,NULL
8808,141,3,NULL
8807,141,130,NULL
8824,140,197,NULL
8823,140,163,NULL
8822,140,105,NULL
8834,139,284,NULL
8833,139,250,NULL
8832,139,217,NULL
8831,139,122,NULL
8830,139,212,NULL
8829,139,299,NULL
8828,139,138,NULL
8827,139,137,NULL
8826,139,139,NULL
8841,138,139,NULL
8840,138,138,NULL
8839,138,134,NULL
8838,138,162,NULL
8837,138,224,NULL
8904,137,248,NULL
8903,137,247,NULL
8902,137,245,NULL
8901,137,244,NULL
8900,137,83,NULL
8899,137,114,NULL
8898,137,107,NULL
8897,137,101,NULL
8896,137,97,NULL
8895,137,224,NULL
8894,137,223,NULL
8893,137,93,NULL
8892,137,220,NULL
8891,137,91,NULL
8890,137,90,NULL
8889,137,87,NULL
8888,137,214,NULL
8887,137,213,NULL
8886,137,35,NULL
8885,137,210,NULL
8884,137,209,NULL
8883,137,288,NULL
8882,137,205,NULL
8881,137,74,NULL
8880,137,199,NULL
8879,137,198,NULL
8878,137,195,NULL
8877,137,66,NULL
8876,137,193,NULL
8875,137,191,NULL
8874,137,265,NULL
8873,137,54,NULL
8872,137,179,NULL
8871,137,178,NULL
8870,137,305,NULL
8869,137,304,NULL
8868,137,50,NULL
8867,137,172,NULL
8866,137,299,NULL
8865,137,40,NULL
8864,137,39,NULL
8863,137,166,NULL
8862,137,164,NULL
8861,137,163,NULL
8860,137,32,NULL
8859,137,159,NULL
8858,137,30,NULL
8857,137,167,NULL
8856,137,284,NULL
8855,137,152,NULL
8854,137,21,NULL
8853,137,146,NULL
8852,137,15,NULL
8851,137,269,NULL
8850,137,139,NULL
8849,137,137,NULL
8848,137,136,NULL
8847,137,263,NULL
8846,137,134,NULL
8845,137,3,NULL
8844,137,129,NULL
8843,137,149,NULL
8915,136,201,NULL
8914,136,85,NULL
8913,136,210,NULL
8912,136,74,NULL
8911,136,137,NULL
8910,136,40,NULL
8909,136,199,NULL
8908,136,6,NULL
8907,136,35,NULL
8906,136,226,NULL
8923,135,154,NULL
8922,135,216,NULL
8921,135,212,NULL
8920,135,243,NULL
8919,135,40,NULL
8918,135,3,NULL
8917,135,160,NULL
8928,134,10,NULL
8927,134,220,NULL
8926,134,138,NULL
8925,134,137,NULL
8930,133,260,NULL
8929,133,300,NULL
8931,132,132,NULL
8943,131,223,NULL
8942,131,170,NULL
8941,131,120,NULL
8940,131,201,NULL
8939,131,85,NULL
8938,131,211,NULL
8937,131,247,NULL
8936,131,74,NULL
8935,131,105,NULL
8934,131,295,NULL
8933,131,97,NULL
8932,131,64,NULL
8957,130,241,NULL
8956,130,152,NULL
8955,130,245,NULL
8954,130,145,NULL
8953,130,16,NULL
8952,130,141,NULL
8951,130,305,NULL
8950,130,199,NULL
8949,130,257,NULL
8948,130,69,NULL
8947,130,162,NULL
8946,130,107,NULL
8945,130,130,NULL
8944,130,129,NULL
8964,129,212,NULL
8963,129,107,NULL
8962,129,137,NULL
8961,129,129,NULL
8960,129,130,NULL
8959,129,257,NULL
8968,128,94,NULL
8967,128,150,NULL
8966,128,105,NULL
8965,128,168,NULL
8974,126,176,NULL
8973,126,106,NULL
8972,126,9,NULL
8971,126,231,NULL
8970,126,261,NULL
8969,126,67,NULL
8989,125,151,NULL
8988,125,150,NULL
8987,125,245,NULL
8986,125,106,NULL
8985,125,112,NULL
8984,125,207,NULL
8983,125,74,NULL
8982,125,199,NULL
8981,125,163,NULL
8980,125,194,NULL
8979,125,64,NULL
8978,125,160,NULL
9008,124,89,NULL
9007,124,216,NULL
9006,124,183,NULL
9005,124,150,NULL
9004,124,245,NULL
9003,124,210,NULL
9002,124,120,NULL
9001,124,124,NULL
9000,124,110,NULL
8999,124,60,NULL
8998,124,97,NULL
8997,124,164,NULL
8996,124,35,NULL
8995,124,96,NULL
8994,124,64,NULL
9025,123,61,NULL
9024,123,120,NULL
9023,123,9,NULL
9022,123,150,NULL
9021,123,212,NULL
9020,123,275,NULL
9019,123,210,NULL
9018,123,113,NULL
9017,123,297,NULL
9016,123,8,NULL
9015,123,39,NULL
9014,123,6,NULL
9013,123,164,NULL
9012,123,35,NULL
9011,123,64,NULL
9064,122,228,NULL
9063,122,227,NULL
9062,122,98,NULL
9061,122,94,NULL
9060,122,122,NULL
9059,122,220,NULL
9058,122,164,NULL
9057,122,215,NULL
9056,122,78,NULL
9055,122,74,NULL
9054,122,33,NULL
9053,122,267,NULL
9052,122,185,NULL
9051,122,56,NULL
9050,122,55,NULL
9049,122,52,NULL
9048,122,51,NULL
9047,122,174,NULL
9046,122,71,NULL
9045,122,42,NULL
9044,122,41,NULL
9043,122,40,NULL
9042,122,166,NULL
9041,122,165,NULL
9040,122,36,NULL
9039,122,34,NULL
9038,122,161,NULL
9037,122,32,NULL
9036,122,159,NULL
9035,122,286,NULL
9034,122,285,NULL
9033,122,152,NULL
9032,122,19,NULL
9031,122,139,NULL
9030,122,199,NULL
9029,122,3,NULL
9028,122,1,NULL
9080,121,117,NULL
9079,121,223,NULL
9078,121,25,NULL
9077,121,216,NULL
9076,121,151,NULL
9075,121,181,NULL
9074,121,121,NULL
9073,121,48,NULL
9072,121,14,NULL
9071,121,215,NULL
9070,121,106,NULL
9069,121,40,NULL
9068,121,43,NULL
9067,121,160,NULL
9121,120,227,NULL
9120,120,96,NULL
9119,120,94,NULL
9118,120,89,NULL
9117,120,88,NULL
9116,120,85,NULL
9115,120,210,NULL
9114,120,80,NULL
9113,120,207,NULL
9112,120,78,NULL
9111,120,305,NULL
9110,120,204,NULL
9109,120,202,NULL
9108,120,201,NULL
9107,120,196,NULL
9106,120,194,NULL
9105,120,193,NULL
9104,120,190,NULL
9103,120,61,NULL
9102,120,59,NULL
9101,120,180,NULL
9100,120,50,NULL
9099,120,177,NULL
9098,120,176,NULL
9097,120,172,NULL
9096,120,170,NULL
9095,120,168,NULL
9094,120,39,NULL
9093,120,65,NULL
9092,120,163,NULL
9091,120,30,NULL
9090,120,284,NULL
9089,120,25,NULL
9088,120,151,NULL
9087,120,22,NULL
9086,120,18,NULL
9085,120,14,NULL
9084,120,263,NULL
9083,120,6,NULL
9082,120,150,NULL
9081,120,131,NULL
9139,119,220,NULL
9138,119,119,NULL
9137,119,278,NULL
9136,119,117,NULL
9135,119,112,NULL
9134,119,141,NULL
9133,119,268,NULL
9132,119,92,NULL
9131,119,71,NULL
9130,119,6,NULL
9129,119,69,NULL
9146,118,116,NULL
9145,118,113,NULL
9144,118,302,NULL
9143,118,39,NULL
9142,118,231,NULL
9141,118,67,NULL
9183,117,116,NULL
9182,117,113,NULL
9181,117,112,NULL
9180,117,239,NULL
9179,117,110,NULL
9178,117,106,NULL
9177,117,103,NULL
9176,117,98,NULL
9175,117,94,NULL
9174,117,220,NULL
9173,117,216,NULL
9172,117,87,NULL
9171,117,214,NULL
9170,117,213,NULL
9169,117,212,NULL
9168,117,210,NULL
9167,117,269,NULL
9166,117,78,NULL
9165,117,62,NULL
9164,117,67,NULL
9163,117,64,NULL
9162,117,190,NULL
9161,117,61,NULL
9160,117,60,NULL
9159,117,182,NULL
9158,117,39,NULL
9157,117,164,NULL
9156,117,275,NULL
9155,117,274,NULL
9154,117,88,NULL
9153,117,14,NULL
9152,117,13,NULL
9151,117,267,NULL
9150,117,8,NULL
9149,117,263,NULL
9148,117,6,NULL
9208,116,117,NULL
9207,116,116,NULL
9206,116,112,NULL
9205,116,105,NULL
9204,116,94,NULL
9203,116,85,NULL
9202,116,212,NULL
9201,116,80,NULL
9200,116,74,NULL
9199,116,71,NULL
9198,116,68,NULL
9197,116,195,NULL
9196,116,245,NULL
9195,116,61,NULL
9194,116,188,NULL
9193,116,176,NULL
9192,116,44,NULL
9191,116,162,NULL
9190,116,67,NULL
9189,116,13,NULL
9188,116,9,NULL
9221,115,189,NULL
9220,115,298,NULL
9219,115,120,NULL
9218,115,86,NULL
9217,115,85,NULL
9216,115,115,NULL
9215,115,99,NULL
9214,115,234,NULL
9213,115,211,NULL
9212,115,179,NULL
9211,115,163,NULL
9210,115,96,NULL
9230,114,177,NULL
9229,114,13,NULL
9228,114,183,NULL
9227,114,201,NULL
9226,114,113,NULL
9225,114,68,NULL
9224,114,195,NULL
9223,114,97,NULL
9260,113,189,NULL
9259,113,109,NULL
9258,113,236,NULL
9257,113,106,NULL
9256,113,226,NULL
9255,113,94,NULL
9254,113,92,NULL
9253,113,84,NULL
9252,113,83,NULL
9251,113,210,NULL
9250,113,79,NULL
9249,113,78,NULL
9248,113,204,NULL
9247,113,67,NULL
9246,113,193,NULL
9245,113,64,NULL
9244,113,61,NULL
9243,113,60,NULL
9242,113,177,NULL
9241,113,302,NULL
9240,113,40,NULL
9239,113,284,NULL
9238,113,151,NULL
9237,113,195,NULL
9236,113,13,NULL
9235,113,12,NULL
9234,113,6,NULL
9301,112,125,NULL
9300,112,119,NULL
9299,112,117,NULL
9298,112,116,NULL
9297,112,113,NULL
9296,112,112,NULL
9295,112,239,NULL
9294,112,110,NULL
9293,112,106,NULL
9292,112,60,NULL
9291,112,231,NULL
9290,112,88,NULL
9289,112,105,NULL
9288,112,214,NULL
9287,112,85,NULL
9286,112,212,NULL
9285,112,83,NULL
9284,112,80,NULL
9283,112,269,NULL
9282,112,204,NULL
9281,112,195,NULL
9280,112,190,NULL
9279,112,61,NULL
9278,112,188,NULL
9277,112,44,NULL
9276,112,40,NULL
9275,112,39,NULL
9274,112,67,NULL
9273,112,274,NULL
9272,112,216,NULL
9271,112,13,NULL
9270,112,9,NULL
9269,112,8,NULL
9268,112,263,NULL
9305,111,11,NULL
9304,111,299,NULL
9303,111,104,NULL
9348,110,110,NULL
9347,110,106,NULL
9346,110,104,NULL
9345,110,227,NULL
9344,110,97,NULL
9343,110,223,NULL
9342,110,94,NULL
9341,110,89,NULL
9340,110,88,NULL
9339,110,85,NULL
9338,110,210,NULL
9337,110,173,NULL
9336,110,74,NULL
9335,110,200,NULL
9334,110,71,NULL
9333,110,194,NULL
9332,110,64,NULL
9331,110,63,NULL
9330,110,61,NULL
9329,110,188,NULL
9328,110,180,NULL
9327,110,178,NULL
9326,110,176,NULL
9325,110,117,NULL
9324,110,172,NULL
9323,110,299,NULL
9322,110,170,NULL
9321,110,40,NULL
9320,110,295,NULL
9319,110,35,NULL
9318,110,160,NULL
9317,110,25,NULL
9316,110,151,NULL
9315,110,150,NULL
9314,110,276,NULL
9313,110,18,NULL
9312,110,143,NULL
9311,110,11,NULL
9310,110,6,NULL
9309,110,22,NULL
9308,110,43,NULL
9356,109,299,NULL
9355,109,113,NULL
9354,109,11,NULL
9366,107,58,NULL
9365,107,216,NULL
9364,107,78,NULL
9363,107,141,NULL
9362,107,107,NULL
9361,107,137,NULL
9360,107,130,NULL
9359,107,129,NULL
9405,106,243,NULL
9404,106,113,NULL
9403,106,112,NULL
9402,106,239,NULL
9401,106,110,NULL
9400,106,295,NULL
9399,106,106,NULL
9398,106,60,NULL
9397,106,97,NULL
9396,106,94,NULL
9395,106,216,NULL
9394,106,105,NULL
9393,106,213,NULL
9392,106,212,NULL
9391,106,163,NULL
9390,106,269,NULL
9389,106,78,NULL
9388,106,75,NULL
9387,106,74,NULL
9386,106,199,NULL
9385,106,67,NULL
9384,106,61,NULL
9383,106,188,NULL
9382,106,9,NULL
9381,106,174,NULL
9380,106,44,NULL
9379,106,170,NULL
9378,106,297,NULL
9377,106,40,NULL
9376,106,39,NULL
9375,106,35,NULL
9374,106,25,NULL
9373,106,143,NULL
9372,106,14,NULL
9371,106,141,NULL
9370,106,13,NULL
9369,106,172,NULL
9368,106,6,NULL
9367,106,3,NULL
9434,105,245,NULL
9433,105,116,NULL
9432,105,114,NULL
9431,105,112,NULL
9430,105,106,NULL
9429,105,105,NULL
9428,105,228,NULL
9427,105,94,NULL
9426,105,221,NULL
9425,105,78,NULL
9424,105,74,NULL
9423,105,68,NULL
9422,105,195,NULL
9421,105,61,NULL
9420,105,44,NULL
9419,105,162,NULL
9418,105,155,NULL
9417,105,141,NULL
9416,105,140,NULL
9415,105,9,NULL
9414,105,8,NULL
9413,105,131,NULL
9412,105,128,NULL
9445,104,92,NULL
9444,104,250,NULL
9443,104,147,NULL
9442,104,18,NULL
9441,104,111,NULL
9440,104,110,NULL
9439,104,109,NULL
9438,104,11,NULL
9437,104,39,NULL
9436,104,6,NULL
9435,104,299,NULL
9463,103,63,NULL
9462,103,94,NULL
9461,103,189,NULL
9460,103,159,NULL
9459,103,154,NULL
9458,103,216,NULL
9457,103,117,NULL
9456,103,243,NULL
9455,103,210,NULL
9454,103,16,NULL
9453,103,239,NULL
9452,103,74,NULL
9451,103,168,NULL
9450,103,199,NULL
9449,103,6,NULL
9448,103,197,NULL
9447,103,226,NULL
9446,103,193,NULL
9469,101,151,NULL
9468,101,207,NULL
9467,101,39,NULL
9466,101,137,NULL
9465,101,40,NULL
9464,101,71,NULL
9484,99,181,NULL
9483,99,115,NULL
9482,99,80,NULL
9481,99,303,NULL
9480,99,14,NULL
9479,99,263,NULL
9478,99,74,NULL
9477,99,297,NULL
9476,99,40,NULL
9475,99,295,NULL
9474,99,164,NULL
9473,99,99,NULL
9472,99,226,NULL
9471,99,97,NULL
9505,98,185,NULL
9504,98,214,NULL
9503,98,117,NULL
9502,98,175,NULL
9501,98,192,NULL
9500,98,199,NULL
9499,98,298,NULL
9498,98,297,NULL
9497,98,40,NULL
9496,98,71,NULL
9495,98,6,NULL
9494,98,43,NULL
9493,98,98,NULL
9492,98,96,NULL
9491,98,64,NULL
9541,97,114,NULL
9540,97,110,NULL
9539,97,82,NULL
9538,97,106,NULL
9537,97,99,NULL
9536,97,97,NULL
9535,97,224,NULL
9534,97,223,NULL
9533,97,221,NULL
9532,97,89,NULL
9531,97,227,NULL
9530,97,210,NULL
9529,97,80,NULL
9528,97,205,NULL
9527,97,74,NULL
9526,97,93,NULL
9525,97,192,NULL
9524,97,189,NULL
9523,97,307,NULL
9522,97,303,NULL
9521,97,172,NULL
9520,97,39,NULL
9519,97,166,NULL
9518,97,35,NULL
9517,97,33,NULL
9516,97,283,NULL
9515,97,19,NULL
9514,97,18,NULL
9513,97,143,NULL
9512,97,137,NULL
9511,97,6,NULL
9510,97,131,NULL
9509,97,256,NULL
9580,96,234,NULL
9579,96,98,NULL
9578,96,96,NULL
9577,96,223,NULL
9576,96,221,NULL
9575,96,85,NULL
9574,96,212,NULL
9573,96,211,NULL
9572,96,210,NULL
9571,96,81,NULL
9570,96,207,NULL
9569,96,226,NULL
9568,96,75,NULL
9567,96,201,NULL
9566,96,200,NULL
9565,96,69,NULL
9564,96,193,NULL
9563,96,64,NULL
9562,96,62,NULL
9561,96,50,NULL
9560,96,175,NULL
9559,96,172,NULL
9558,96,43,NULL
9557,96,170,NULL
9556,96,40,NULL
9555,96,39,NULL
9554,96,25,NULL
9553,96,151,NULL
9552,96,22,NULL
9551,96,276,NULL
9550,96,143,NULL
9549,96,14,NULL
9548,96,13,NULL
9547,96,8,NULL
9546,96,263,NULL
9545,96,6,NULL
9544,96,150,NULL
9543,96,256,NULL
9589,95,60,NULL
9588,95,236,NULL
9669,94,124,NULL
9668,94,123,NULL
9667,94,122,NULL
9666,94,120,NULL
9665,94,251,NULL
9664,94,62,NULL
9663,94,25,NULL
9662,94,114,NULL
9661,94,113,NULL
9660,94,189,NULL
9659,94,110,NULL
9658,94,82,NULL
9657,94,236,NULL
9656,94,231,NULL
9655,94,106,NULL
9654,94,105,NULL
9653,94,103,NULL
9652,94,99,NULL
9651,94,223,NULL
9650,94,94,NULL
9649,94,89,NULL
9648,94,216,NULL
9647,94,185,NULL
9646,94,203,NULL
9645,94,85,NULL
9644,94,193,NULL
9643,94,210,NULL
9642,94,248,NULL
9641,94,208,NULL
9640,94,205,NULL
9639,94,76,NULL
9638,94,75,NULL
9637,94,201,NULL
9636,94,198,NULL
9635,94,196,NULL
9634,94,195,NULL
9633,94,194,NULL
9632,94,65,NULL
9631,94,192,NULL
9630,94,117,NULL
9629,94,190,NULL
9628,94,61,NULL
9627,94,60,NULL
9626,94,59,NULL
9625,94,116,NULL
9624,94,55,NULL
9623,94,54,NULL
9622,94,179,NULL
9621,94,50,NULL
9620,94,177,NULL
9619,94,304,NULL
9618,94,45,NULL
9617,94,172,NULL
9616,94,43,NULL
9615,94,170,NULL
9614,94,168,NULL
9613,94,39,NULL
9612,94,163,NULL
9611,94,164,NULL
9610,94,35,NULL
9609,94,274,NULL
9608,94,284,NULL
9607,94,281,NULL
9606,94,23,NULL
9605,94,22,NULL
9604,94,252,NULL
9603,94,276,NULL
9602,94,188,NULL
9601,94,18,NULL
9600,94,143,NULL
9599,94,12,NULL
9598,94,151,NULL
9597,94,44,NULL
9596,94,64,NULL
9595,94,263,NULL
9594,94,6,NULL
9593,94,150,NULL
9592,94,128,NULL
9591,94,256,NULL
9679,93,150,NULL
9678,93,245,NULL
9677,93,212,NULL
9676,93,74,NULL
9675,93,137,NULL
9674,93,6,NULL
9673,93,97,NULL
9672,93,160,NULL
9693,92,151,NULL
9692,92,118,NULL
9691,92,210,NULL
9690,92,113,NULL
9689,92,11,NULL
9688,92,109,NULL
9687,92,12,NULL
9686,92,119,NULL
9685,92,104,NULL
9684,92,71,NULL
9683,92,6,NULL
9682,92,261,NULL
9681,92,67,NULL
9699,90,137,NULL
9698,90,208,NULL
9713,89,61,NULL
9712,89,172,NULL
9711,89,43,NULL
9710,89,170,NULL
9709,89,40,NULL
9708,89,39,NULL
9707,89,151,NULL
9706,89,22,NULL
9705,89,276,NULL
9704,89,88,NULL
9703,89,143,NULL
9702,89,263,NULL
9701,89,64,NULL
9740,88,50,NULL
9739,88,216,NULL
9738,88,112,NULL
9737,88,207,NULL
9736,88,110,NULL
9735,88,172,NULL
9734,88,75,NULL
9733,88,193,NULL
9732,88,284,NULL
9731,88,39,NULL
9730,88,163,NULL
9729,88,208,NULL
9751,87,54,NULL
9750,87,117,NULL
9749,87,35,NULL
9748,87,137,NULL
9747,87,163,NULL
9756,86,250,NULL
9755,86,86,NULL
9754,86,115,NULL
9753,86,297,NULL
9811,85,112,NULL
9810,85,253,NULL
9809,85,110,NULL
9808,85,234,NULL
9807,85,188,NULL
9806,85,226,NULL
9805,85,96,NULL
9804,85,94,NULL
9803,85,219,NULL
9802,85,83,NULL
9801,85,216,NULL
9800,85,85,NULL
9799,85,84,NULL
9798,85,211,NULL
9797,85,210,NULL
9796,85,81,NULL
9795,85,80,NULL
9794,85,75,NULL
9793,85,201,NULL
9792,85,69,NULL
9791,85,68,NULL
9790,85,195,NULL
9789,85,194,NULL
9788,85,65,NULL
9787,85,64,NULL
9786,85,63,NULL
9785,85,190,NULL
9784,85,61,NULL
9783,85,60,NULL
9782,85,59,NULL
9781,85,55,NULL
9780,85,180,NULL
9779,85,50,NULL
9778,85,48,NULL
9777,85,125,NULL
9776,85,172,NULL
9775,85,43,NULL
9774,85,193,NULL
9773,85,39,NULL
9772,85,281,NULL
9771,85,151,NULL
9770,85,150,NULL
9769,85,276,NULL
9768,85,147,NULL
9767,85,274,NULL
9766,85,14,NULL
9765,85,137,NULL
9764,85,136,NULL
9763,85,263,NULL
9762,85,6,NULL
9761,85,131,NULL
9760,85,192,NULL
9759,85,256,NULL
9832,84,212,NULL
9831,84,216,NULL
9830,84,85,NULL
9829,84,84,NULL
9828,84,211,NULL
9827,84,113,NULL
9826,84,79,NULL
9825,84,78,NULL
9824,84,13,NULL
9823,84,170,NULL
9822,84,9,NULL
9821,84,6,NULL
9820,84,74,NULL
9819,84,68,NULL
9818,84,67,NULL
9817,84,96,NULL
9816,84,147,NULL
9850,83,216,NULL
9849,83,9,NULL
9848,83,85,NULL
9847,83,210,NULL
9846,83,81,NULL
9845,83,80,NULL
9844,83,112,NULL
9843,83,269,NULL
9842,83,12,NULL
9841,83,39,NULL
9840,83,137,NULL
9839,83,71,NULL
9838,83,6,NULL
9837,83,113,NULL
9836,83,226,NULL
9835,83,240,NULL
9880,82,234,NULL
9879,82,97,NULL
9878,82,96,NULL
9877,82,223,NULL
9876,82,94,NULL
9875,82,220,NULL
9874,82,219,NULL
9873,82,89,NULL
9872,82,82,NULL
9871,82,207,NULL
9870,82,75,NULL
9869,82,71,NULL
9868,82,190,NULL
9867,82,60,NULL
9866,82,176,NULL
9865,82,43,NULL
9864,82,170,NULL
9863,82,297,NULL
9862,82,25,NULL
9861,82,151,NULL
9860,82,22,NULL
9859,82,20,NULL
9858,82,18,NULL
9857,82,16,NULL
9856,82,143,NULL
9855,82,23,NULL
9854,82,263,NULL
9853,82,256,NULL
9894,81,60,NULL
9893,81,25,NULL
9892,81,216,NULL
9891,81,151,NULL
9890,81,85,NULL
9889,81,83,NULL
9888,81,80,NULL
9887,81,207,NULL
9886,81,211,NULL
9885,81,6,NULL
9884,81,67,NULL
9883,81,96,NULL
9912,80,188,NULL
9911,80,120,NULL
9910,80,151,NULL
9909,80,85,NULL
9908,80,116,NULL
9907,80,67,NULL
9906,80,81,NULL
9905,80,112,NULL
9904,80,207,NULL
9903,80,14,NULL
9902,80,216,NULL
9901,80,172,NULL
9900,80,39,NULL
9899,80,6,NULL
9898,80,68,NULL
9897,80,99,NULL
9896,80,83,NULL
9895,80,97,NULL
9927,79,84,NULL
9926,79,247,NULL
9925,79,212,NULL
9924,79,113,NULL
9923,79,177,NULL
9922,79,23,NULL
9921,79,170,NULL
9920,79,9,NULL
9919,79,231,NULL
9918,79,6,NULL
9917,79,197,NULL
9916,79,67,NULL
9958,78,106,NULL
9957,78,105,NULL
9956,78,231,NULL
9955,78,223,NULL
9954,78,221,NULL
9953,78,219,NULL
9952,78,84,NULL
9951,78,210,NULL
9950,78,78,NULL
9949,78,205,NULL
9948,78,74,NULL
9947,78,201,NULL
9946,78,199,NULL
9945,78,192,NULL
9944,78,245,NULL
9943,78,61,NULL
9942,78,60,NULL
9941,78,185,NULL
9940,78,50,NULL
9939,78,172,NULL
9938,78,41,NULL
9937,78,40,NULL
9936,78,164,NULL
9935,78,159,NULL
9934,78,153,NULL
9933,78,281,NULL
9932,78,141,NULL
9931,78,9,NULL
9930,78,6,NULL
9929,78,3,NULL
9966,77,77,NULL
9965,77,171,NULL
9964,77,74,NULL
9976,76,63,NULL
9975,76,89,NULL
9974,76,210,NULL
9973,76,143,NULL
9972,76,45,NULL
9971,76,170,NULL
9970,76,6,NULL
9969,76,226,NULL
9968,76,64,NULL
9994,75,172,NULL
9993,75,43,NULL
9992,75,40,NULL
9991,75,160,NULL
9990,75,159,NULL
9989,75,151,NULL
9988,75,22,NULL
9987,75,21,NULL
9986,75,276,NULL
9985,75,16,NULL
9984,75,143,NULL
9983,75,263,NULL
9982,75,6,NULL
9981,75,4,NULL
9980,75,192,NULL
9979,75,256,NULL
10075,74,245,NULL
10074,74,116,NULL
10073,74,61,NULL
10072,74,110,NULL
10071,74,39,NULL
10070,74,106,NULL
10069,74,105,NULL
10068,74,231,NULL
10067,74,131,NULL
10066,74,99,NULL
10065,74,226,NULL
10064,74,97,NULL
10063,74,93,NULL
10062,74,169,NULL
10061,74,216,NULL
10060,74,215,NULL
10059,74,84,NULL
10058,74,210,NULL
10057,74,208,NULL
10056,74,78,NULL
10055,74,77,NULL
10054,74,75,NULL
10053,74,74,NULL
10052,74,201,NULL
10051,74,200,NULL
10050,74,199,NULL
10049,74,69,NULL
10048,74,68,NULL
10047,74,65,NULL
10046,74,63,NULL
10045,74,189,NULL
10044,74,56,NULL
10043,74,55,NULL
10042,74,54,NULL
10041,74,51,NULL
10040,74,136,NULL
10039,74,172,NULL
10038,74,71,NULL
10037,74,170,NULL
10036,74,41,NULL
10035,74,40,NULL
10034,74,295,NULL
10033,74,166,NULL
10032,74,165,NULL
10031,74,35,NULL
10030,74,290,NULL
10029,74,161,NULL
10028,74,160,NULL
10027,74,284,NULL
10026,74,103,NULL
10025,74,179,NULL
10024,74,299,NULL
10023,74,152,NULL
10022,74,22,NULL
10021,74,147,NULL
10020,74,15,NULL
10019,74,137,NULL
10018,74,8,NULL
10017,74,193,NULL
10016,74,6,NULL
10015,74,150,NULL
10014,74,3,NULL
10083,73,29,NULL
10082,73,28,NULL
10081,73,15,NULL
10126,71,122,NULL
10125,71,119,NULL
10124,71,245,NULL
10123,71,116,NULL
10122,71,83,NULL
10121,71,110,NULL
10120,71,210,NULL
10119,71,234,NULL
10118,71,101,NULL
10117,71,98,NULL
10116,71,221,NULL
10115,71,92,NULL
10114,71,219,NULL
10113,71,216,NULL
10112,71,211,NULL
10111,71,82,NULL
10110,71,13,NULL
10109,71,247,NULL
10108,71,74,NULL
10107,71,201,NULL
10106,71,71,NULL
10105,71,198,NULL
10104,71,68,NULL
10103,71,66,NULL
10102,71,65,NULL
10101,71,61,NULL
10100,71,54,NULL
10099,71,175,NULL
10098,71,302,NULL
10097,71,199,NULL
10096,71,294,NULL
10095,71,164,NULL
10094,71,35,NULL
10093,71,160,NULL
10092,71,159,NULL
10091,71,284,NULL
10090,71,20,NULL
10089,71,274,NULL
10088,71,14,NULL
10087,71,269,NULL
10086,71,12,NULL
10085,71,6,NULL
10130,70,70,NULL
10129,70,205,NULL
10128,70,6,NULL
10127,70,210,NULL
10153,69,227,NULL
10152,69,96,NULL
10151,69,85,NULL
10150,69,224,NULL
10149,69,74,NULL
10148,69,201,NULL
10147,69,32,NULL
10146,69,69,NULL
10145,69,65,NULL
10144,69,62,NULL
10143,69,61,NULL
10142,69,60,NULL
10141,69,55,NULL
10140,69,298,NULL
10139,69,297,NULL
10138,69,39,NULL
10137,69,163,NULL
10136,69,34,NULL
10135,69,160,NULL
10134,69,278,NULL
10133,69,265,NULL
10132,69,6,NULL
10131,69,130,NULL
10176,68,116,NULL
10175,68,243,NULL
10174,68,114,NULL
10173,68,105,NULL
10172,68,231,NULL
10171,68,85,NULL
10170,68,212,NULL
10169,68,211,NULL
10168,68,80,NULL
10167,68,13,NULL
10166,68,74,NULL
10165,68,71,NULL
10164,68,68,NULL
10163,68,67,NULL
10162,68,61,NULL
10161,68,60,NULL
10160,68,44,NULL
10159,68,40,NULL
10158,68,274,NULL
10157,68,269,NULL
10156,68,9,NULL
10155,68,6,NULL
10212,67,117,NULL
10211,67,116,NULL
10210,67,113,NULL
10209,67,240,NULL
10208,67,61,NULL
10207,67,106,NULL
10206,67,231,NULL
10205,67,67,NULL
10204,67,92,NULL
10203,67,84,NULL
10202,67,81,NULL
10201,67,80,NULL
10200,67,79,NULL
10199,67,204,NULL
10198,67,201,NULL
10197,67,199,NULL
10196,67,68,NULL
10195,67,195,NULL
10194,67,189,NULL
10193,67,60,NULL
10192,67,181,NULL
10191,67,177,NULL
10190,67,302,NULL
10189,67,44,NULL
10188,67,299,NULL
10187,67,40,NULL
10186,67,112,NULL
10185,67,148,NULL
10184,67,147,NULL
10183,67,274,NULL
10182,67,14,NULL
10181,67,141,NULL
10180,67,13,NULL
10179,67,9,NULL
10178,67,6,NULL
10219,66,71,NULL
10218,66,302,NULL
10217,66,6,NULL
10216,66,284,NULL
10215,66,137,NULL
10246,65,226,NULL
10245,65,223,NULL
10244,65,94,NULL
10243,65,216,NULL
10242,65,85,NULL
10241,65,210,NULL
10240,65,208,NULL
10239,65,207,NULL
10238,65,74,NULL
10237,65,200,NULL
10236,65,71,NULL
10235,65,69,NULL
10234,65,195,NULL
10233,65,64,NULL
10232,65,61,NULL
10231,65,60,NULL
10230,65,172,NULL
10229,65,199,NULL
10228,65,170,NULL
10227,65,39,NULL
10226,65,25,NULL
10225,65,151,NULL
10224,65,22,NULL
10223,65,143,NULL
10222,65,9,NULL
10221,65,6,NULL
10220,65,3,NULL
10305,64,113,NULL
10304,64,110,NULL
10303,64,252,NULL
10302,64,123,NULL
10301,64,98,NULL
10300,64,96,NULL
10299,64,223,NULL
10298,64,94,NULL
10297,64,89,NULL
10296,64,216,NULL
10295,64,213,NULL
10294,64,211,NULL
10293,64,210,NULL
10292,64,207,NULL
10291,64,76,NULL
10290,64,75,NULL
10289,64,202,NULL
10288,64,196,NULL
10287,64,203,NULL
10286,64,194,NULL
10285,64,65,NULL
10284,64,192,NULL
10283,64,61,NULL
10282,64,60,NULL
10281,64,59,NULL
10280,64,183,NULL
10279,64,179,NULL
10278,64,178,NULL
10277,64,177,NULL
10276,64,176,NULL
10275,64,175,NULL
10274,64,50,NULL
10273,64,172,NULL
10272,64,43,NULL
10271,64,170,NULL
10270,64,169,NULL
10269,64,39,NULL
10268,64,35,NULL
10267,64,193,NULL
10266,64,284,NULL
10265,64,283,NULL
10264,64,281,NULL
10263,64,151,NULL
10262,64,22,NULL
10261,64,276,NULL
10260,64,188,NULL
10259,64,18,NULL
10258,64,143,NULL
10257,64,13,NULL
10256,64,263,NULL
10255,64,6,NULL
10254,64,4,NULL
10253,64,131,NULL
10252,64,64,NULL
10251,64,256,NULL
10332,63,228,NULL
10331,63,227,NULL
10330,63,223,NULL
10329,63,216,NULL
10328,63,85,NULL
10327,63,209,NULL
10326,63,76,NULL
10325,63,74,NULL
10324,63,199,NULL
10323,63,188,NULL
10322,63,51,NULL
10321,63,166,NULL
10320,63,165,NULL
10319,63,35,NULL
10318,63,160,NULL
10317,63,159,NULL
10316,63,285,NULL
10315,63,16,NULL
10314,63,141,NULL
10313,63,6,NULL
10356,62,96,NULL
10355,62,223,NULL
10354,62,94,NULL
10353,62,219,NULL
10352,62,218,NULL
10351,62,80,NULL
10350,62,205,NULL
10349,62,69,NULL
10348,62,183,NULL
10347,62,173,NULL
10346,62,172,NULL
10345,62,170,NULL
10344,62,41,NULL
10343,62,39,NULL
10342,62,25,NULL
10341,62,151,NULL
10340,62,143,NULL
10339,62,263,NULL
10338,62,6,NULL
10337,62,130,NULL
10336,62,257,NULL
10410,61,231,NULL
10409,61,227,NULL
10408,61,226,NULL
10407,61,223,NULL
10406,61,94,NULL
10405,61,221,NULL
10404,61,92,NULL
10403,61,207,NULL
10402,61,71,NULL
10401,61,89,NULL
10400,61,216,NULL
10399,61,215,NULL
10398,61,85,NULL
10397,61,212,NULL
10396,61,211,NULL
10395,61,80,NULL
10394,61,79,NULL
10393,61,78,NULL
10392,61,74,NULL
10391,61,201,NULL
10390,61,199,NULL
10389,61,69,NULL
10388,61,68,NULL
10387,61,67,NULL
10386,61,65,NULL
10385,61,64,NULL
10384,61,190,NULL
10383,61,61,NULL
10382,61,60,NULL
10381,61,58,NULL
10380,61,185,NULL
10379,61,9,NULL
10378,61,177,NULL
10377,61,303,NULL
10376,61,45,NULL
10375,61,44,NULL
10374,61,299,NULL
10373,61,170,NULL
10372,61,39,NULL
10371,61,164,NULL
10370,61,35,NULL
10369,61,159,NULL
10368,61,283,NULL
10367,61,281,NULL
10366,61,23,NULL
10365,61,274,NULL
10364,61,143,NULL
10363,61,175,NULL
10362,61,151,NULL
10361,61,172,NULL
10360,61,6,NULL
10359,61,192,NULL
10468,60,117,NULL
10467,60,113,NULL
10466,60,240,NULL
10465,60,236,NULL
10464,60,106,NULL
10463,60,188,NULL
10462,60,59,NULL
10461,60,95,NULL
10460,60,94,NULL
10459,60,92,NULL
10458,60,88,NULL
10457,60,213,NULL
10456,60,212,NULL
10455,60,83,NULL
10454,60,82,NULL
10453,60,81,NULL
10452,60,207,NULL
10451,60,78,NULL
10450,60,204,NULL
10449,60,197,NULL
10448,60,68,NULL
10447,60,67,NULL
10446,60,65,NULL
10445,60,64,NULL
10444,60,61,NULL
10443,60,60,NULL
10442,60,223,NULL
10441,60,173,NULL
10440,60,172,NULL
10439,60,170,NULL
10438,60,166,NULL
10437,60,112,NULL
10436,60,69,NULL
10435,60,284,NULL
10434,60,25,NULL
10433,60,151,NULL
10432,60,150,NULL
10431,60,18,NULL
10430,60,216,NULL
10429,60,143,NULL
10428,60,14,NULL
10427,60,13,NULL
10426,60,9,NULL
10425,60,6,NULL
10475,59,59,NULL
10474,59,120,NULL
10473,59,85,NULL
10472,59,207,NULL
10471,59,64,NULL
10482,58,61,NULL
10481,58,107,NULL
10480,58,298,NULL
10479,58,9,NULL
10478,58,275,NULL
10490,57,185,NULL
10489,57,3,NULL
10488,57,41,NULL
10487,57,40,NULL
10486,57,6,NULL
10485,57,99,NULL
10484,57,32,NULL
10483,57,19,NULL
10498,56,56,NULL
10497,56,22,NULL
10496,56,175,NULL
10495,56,74,NULL
10494,56,40,NULL
10493,56,166,NULL
10492,56,3,NULL
10507,55,85,NULL
10506,55,276,NULL
10505,55,143,NULL
10504,55,43,NULL
10503,55,74,NULL
10502,55,69,NULL
10501,55,4,NULL
10500,55,256,NULL
10528,54,283,NULL
10527,54,87,NULL
10526,54,36,NULL
10525,54,137,NULL
10524,54,170,NULL
10523,54,54,NULL
10522,54,94,NULL
10521,54,42,NULL
10520,54,221,NULL
10519,54,295,NULL
10518,54,298,NULL
10517,54,297,NULL
10516,54,71,NULL
10515,54,6,NULL
10514,54,22,NULL
10513,54,164,NULL
10512,54,3,NULL
10511,54,32,NULL
10532,53,100,NULL
10538,52,23,NULL
10537,52,19,NULL
10536,52,271,NULL
10535,52,215,NULL
10534,52,3,NULL
10533,52,34,NULL
10549,51,185,NULL
10548,51,23,NULL
10547,51,22,NULL
10546,51,19,NULL
10545,51,47,NULL
10544,51,74,NULL
10543,51,40,NULL
10542,51,3,NULL
10541,51,51,NULL
10576,50,120,NULL
10575,50,247,NULL
10574,50,96,NULL
10573,50,94,NULL
10572,50,220,NULL
10571,50,88,NULL
10570,50,85,NULL
10569,50,78,NULL
10568,50,203,NULL
10567,50,194,NULL
10566,50,193,NULL
10565,50,64,NULL
10564,50,180,NULL
10563,50,50,NULL
10562,50,174,NULL
10561,50,45,NULL
10560,50,172,NULL
10559,50,40,NULL
10558,50,160,NULL
10557,50,150,NULL
10556,50,276,NULL
10555,50,216,NULL
10554,50,143,NULL
10553,50,137,NULL
10585,48,121,NULL
10584,48,181,NULL
10583,48,48,NULL
10582,48,14,NULL
10581,48,41,NULL
10580,48,40,NULL
10588,47,285,NULL
10587,47,51,NULL
10590,46,49,NULL
10598,45,174,NULL
10597,45,210,NULL
10596,45,172,NULL
10595,45,203,NULL
10594,45,76,NULL
10593,45,263,NULL
10592,45,163,NULL
10591,45,192,NULL
10617,44,212,NULL
10616,44,105,NULL
10615,44,150,NULL
10614,44,116,NULL
10613,44,243,NULL
10612,44,210,NULL
10611,44,112,NULL
10610,44,221,NULL
10609,44,13,NULL
10608,44,106,NULL
10607,44,9,NULL
10606,44,231,NULL
10605,44,68,NULL
10604,44,67,NULL
10603,44,193,NULL
10648,43,227,NULL
10647,43,98,NULL
10646,43,96,NULL
10645,43,94,NULL
10644,43,219,NULL
10643,43,89,NULL
10642,43,216,NULL
10641,43,85,NULL
10640,43,82,NULL
10639,43,75,NULL
10638,43,200,NULL
10637,43,64,NULL
10636,43,184,NULL
10635,43,55,NULL
10634,43,172,NULL
10633,43,170,NULL
10632,43,39,NULL
10631,43,164,NULL
10630,43,284,NULL
10629,43,283,NULL
10628,43,25,NULL
10627,43,150,NULL
10626,43,276,NULL
10625,43,263,NULL
10624,43,6,NULL
10623,43,4,NULL
10622,43,192,NULL
10661,42,21,NULL
10660,42,19,NULL
10659,42,175,NULL
10658,42,23,NULL
10657,42,298,NULL
10656,42,38,NULL
10655,42,3,NULL
10654,42,34,NULL
10653,42,33,NULL
10652,42,32,NULL
10680,41,185,NULL
10679,41,22,NULL
10678,41,245,NULL
10677,41,19,NULL
10676,41,216,NULL
10675,41,48,NULL
10674,41,15,NULL
10673,41,78,NULL
10672,41,215,NULL
10671,41,74,NULL
10670,41,41,NULL
10669,41,40,NULL
10668,41,166,NULL
10667,41,165,NULL
10666,41,3,NULL
10665,41,32,NULL
10754,40,113,NULL
10753,40,112,NULL
10752,40,238,NULL
10751,40,106,NULL
10750,40,161,NULL
10749,40,231,NULL
10748,40,101,NULL
10747,40,99,NULL
10746,40,98,NULL
10745,40,96,NULL
10744,40,223,NULL
10743,40,221,NULL
10742,40,220,NULL
10741,40,89,NULL
10740,40,216,NULL
10739,40,215,NULL
10738,40,206,NULL
10737,40,212,NULL
10736,40,163,NULL
10735,40,78,NULL
10734,40,205,NULL
10733,40,75,NULL
10732,40,74,NULL
10731,40,201,NULL
10730,40,199,NULL
10729,40,68,NULL
10728,40,67,NULL
10727,40,32,NULL
10726,40,36,NULL
10725,40,189,NULL
10724,40,57,NULL
10723,40,56,NULL
10722,40,40,NULL
10721,40,51,NULL
10720,40,306,NULL
10719,40,50,NULL
10718,40,48,NULL
10717,40,174,NULL
10716,40,240,NULL
10715,40,300,NULL
10714,40,135,NULL
10713,40,41,NULL
10712,40,168,NULL
10711,40,166,NULL
10710,40,165,NULL
10709,40,164,NULL
10708,40,35,NULL
10707,40,34,NULL
10706,40,33,NULL
10705,40,160,NULL
10704,40,185,NULL
10703,40,285,NULL
10702,40,24,NULL
10701,40,23,NULL
10700,40,22,NULL
10699,40,110,NULL
10698,40,121,NULL
10697,40,19,NULL
10696,40,152,NULL
10695,40,16,NULL
10694,40,15,NULL
10693,40,141,NULL
10692,40,267,NULL
10691,40,137,NULL
10690,40,136,NULL
10689,40,263,NULL
10688,40,6,NULL
10687,40,3,NULL
10686,40,256,NULL
10812,39,244,NULL
10811,39,243,NULL
10810,39,104,NULL
10809,39,112,NULL
10808,39,39,NULL
10807,39,106,NULL
10806,39,80,NULL
10805,39,101,NULL
10804,39,227,NULL
10803,39,226,NULL
10802,39,97,NULL
10801,39,96,NULL
10800,39,94,NULL
10799,39,89,NULL
10798,39,88,NULL
10797,39,85,NULL
10796,39,83,NULL
10795,39,208,NULL
10794,39,207,NULL
10793,39,204,NULL
10792,39,74,NULL
10791,39,69,NULL
10790,39,196,NULL
10789,39,194,NULL
10788,39,65,NULL
10787,39,64,NULL
10786,39,245,NULL
10785,39,62,NULL
10784,39,61,NULL
10783,39,117,NULL
10782,39,54,NULL
10781,39,180,NULL
10780,39,175,NULL
10779,39,173,NULL
10778,39,172,NULL
10777,39,43,NULL
10776,39,170,NULL
10775,39,295,NULL
10774,39,163,NULL
10773,39,34,NULL
10772,39,160,NULL
10771,39,159,NULL
10770,39,283,NULL
10769,39,25,NULL
10768,39,151,NULL
10767,39,150,NULL
10766,39,216,NULL
10765,39,16,NULL
10764,39,143,NULL
10763,39,14,NULL
10762,39,141,NULL
10761,39,10,NULL
10760,39,137,NULL
10759,39,6,NULL
10819,38,163,NULL
10830,37,284,NULL
10829,37,212,NULL
10828,37,298,NULL
10827,37,297,NULL
10826,37,37,NULL
10825,37,3,NULL
10836,36,185,NULL
10835,36,54,NULL
10834,36,40,NULL
10833,36,35,NULL
10832,36,32,NULL
10891,34,52,NULL
10890,34,19,NULL
10889,34,42,NULL
10888,34,40,NULL
10887,34,39,NULL
10886,34,69,NULL
10885,34,164,NULL
10884,34,32,NULL
10906,33,21,NULL
10905,33,15,NULL
10904,33,23,NULL
10903,33,42,NULL
10902,33,233,NULL
10901,33,40,NULL
10900,33,97,NULL
10899,33,1,NULL
10898,33,193,NULL
10897,33,32,NULL
10929,32,35,NULL
10928,32,207,NULL
10927,32,69,NULL
10926,32,57,NULL
10925,32,54,NULL
10924,32,286,NULL
10923,32,42,NULL
10922,32,41,NULL
10921,32,40,NULL
10920,32,166,NULL
10919,32,36,NULL
10918,32,163,NULL
10917,32,34,NULL
10916,32,33,NULL
10915,32,185,NULL
10914,32,150,NULL
10913,32,19,NULL
10912,32,15,NULL
10911,32,137,NULL
10935,31,139,NULL
10937,30,120,NULL
10942,28,279,NULL
10941,28,18,NULL
10940,28,73,NULL
10944,27,83,NULL
10947,26,3,NULL
10946,26,1,NULL
10973,25,227,NULL
10972,25,96,NULL
10971,25,94,NULL
10970,25,219,NULL
10969,25,216,NULL
10968,25,82,NULL
10967,25,81,NULL
10966,25,199,NULL
10965,25,195,NULL
10964,25,65,NULL
10963,25,64,NULL
10962,25,62,NULL
10961,25,60,NULL
10960,25,185,NULL
10959,25,172,NULL
10958,25,43,NULL
10957,25,170,NULL
10956,25,168,NULL
10955,25,39,NULL
10954,25,35,NULL
10953,25,283,NULL
10952,25,25,NULL
10951,25,22,NULL
10950,25,276,NULL
10949,25,143,NULL
10948,25,263,NULL
10978,24,40,NULL
10993,23,215,NULL
10992,23,52,NULL
10991,23,51,NULL
10990,23,82,NULL
10989,23,79,NULL
10988,23,151,NULL
10987,23,42,NULL
10986,23,40,NULL
10985,23,263,NULL
10984,23,33,NULL
10983,23,3,NULL
10982,23,1,NULL
10981,23,19,NULL
11032,22,89,NULL
11031,22,216,NULL
11030,22,215,NULL
11029,22,82,NULL
11028,22,56,NULL
11027,22,207,NULL
11026,22,75,NULL
11025,22,74,NULL
11024,22,200,NULL
11023,22,195,NULL
11022,22,65,NULL
11021,22,64,NULL
11020,22,185,NULL
11019,22,184,NULL
11018,22,54,NULL
11017,22,51,NULL
11016,22,172,NULL
11015,22,170,NULL
11014,22,169,NULL
11013,22,40,NULL
11012,22,166,NULL
11011,22,163,NULL
11010,22,33,NULL
11009,22,285,NULL
11008,22,284,NULL
11007,22,25,NULL
11006,22,151,NULL
11005,22,22,NULL
11004,22,21,NULL
11003,22,20,NULL
11002,22,19,NULL
11001,22,143,NULL
11000,22,150,NULL
10999,22,1,NULL
11049,21,21,NULL
11048,21,19,NULL
11047,21,75,NULL
11046,21,42,NULL
11045,21,137,NULL
11044,21,40,NULL
11043,21,1,NULL
11042,21,3,NULL
11041,21,33,NULL
11060,20,219,NULL
11059,20,22,NULL
11058,20,20,NULL
11057,20,82,NULL
11056,20,143,NULL
11055,20,267,NULL
11054,20,170,NULL
11053,20,71,NULL
11052,20,75,NULL
11076,19,179,NULL
11075,19,171,NULL
11074,19,42,NULL
11073,19,41,NULL
11072,19,40,NULL
11071,19,166,NULL
11070,19,165,NULL
11069,19,34,NULL
11068,19,32,NULL
11067,19,23,NULL
11066,19,22,NULL
11065,19,21,NULL
11064,19,19,NULL
11063,19,15,NULL
11062,19,51,NULL
11061,19,1,NULL
11109,18,110,NULL
11108,18,210,NULL
11107,18,104,NULL
11106,18,231,NULL
11105,18,226,NULL
11104,18,97,NULL
11103,18,94,NULL
11102,18,216,NULL
11101,18,82,NULL
11100,18,202,NULL
11099,18,201,NULL
11098,18,194,NULL
11097,18,64,NULL
11096,18,61,NULL
11095,18,60,NULL
11094,18,177,NULL
11093,18,299,NULL
11092,18,170,NULL
11091,18,28,NULL
11090,18,284,NULL
11089,18,151,NULL
11088,18,150,NULL
11087,18,276,NULL
11086,18,274,NULL
11085,18,9,NULL
11123,16,284,NULL
11122,16,153,NULL
11121,16,243,NULL
11120,16,82,NULL
11119,16,241,NULL
11118,16,141,NULL
11117,16,75,NULL
11116,16,40,NULL
11115,16,103,NULL
11114,16,6,NULL
11113,16,179,NULL
11112,16,195,NULL
11111,16,130,NULL
11133,15,74,NULL
11132,15,73,NULL
11131,15,40,NULL
11130,15,6,NULL
11129,15,166,NULL
11128,15,3,NULL
11127,15,33,NULL
11126,15,32,NULL
11160,14,106,NULL
11159,14,99,NULL
11158,14,96,NULL
11157,14,223,NULL
11156,14,85,NULL
11155,14,212,NULL
11154,14,80,NULL
11153,14,71,NULL
11152,14,67,NULL
11151,14,60,NULL
11150,14,181,NULL
11149,14,48,NULL
11148,14,39,NULL
11147,14,162,NULL
11146,14,14,NULL
11145,14,269,NULL
11144,14,265,NULL
11143,14,6,NULL
11173,13,67,NULL
11172,13,64,NULL
11171,13,60,NULL
11170,13,44,NULL
11169,13,150,NULL
11168,13,147,NULL
11167,13,13,NULL
11166,13,9,NULL
11165,13,6,NULL
11194,12,83,NULL
11193,12,210,NULL
11192,12,113,NULL
11191,12,111,NULL
11190,12,71,NULL
11189,12,6,NULL
11201,11,110,NULL
11200,11,109,NULL
11199,11,299,NULL
11198,11,104,NULL
11197,11,6,NULL
11207,10,38,NULL
11206,10,301,NULL
11205,10,134,NULL
11238,9,106,NULL
11237,9,105,NULL
11236,9,231,NULL
11235,9,227,NULL
11234,9,143,NULL
11233,9,212,NULL
11232,9,83,NULL
11231,9,210,NULL
11230,9,13,NULL
11229,9,78,NULL
11228,9,79,NULL
11227,9,199,NULL
11226,9,68,NULL
11225,9,67,NULL
11224,9,65,NULL
11223,9,192,NULL
11222,9,61,NULL
11221,9,188,NULL
11220,9,58,NULL
11219,9,180,NULL
11218,9,173,NULL
11217,9,44,NULL
11216,9,168,NULL
11215,9,151,NULL
11214,9,274,NULL
11213,9,60,NULL
11212,9,269,NULL
11211,9,9,NULL
11210,9,193,NULL
11209,9,6,NULL
11257,8,112,NULL
11256,8,143,NULL
11255,8,231,NULL
11254,8,74,NULL
11253,8,105,NULL
11252,8,7,NULL
11251,8,6,NULL
11250,8,164,NULL
11249,8,35,NULL
11248,8,160,NULL
11247,8,96,NULL
11338,6,190,NULL
11337,6,189,NULL
11336,6,188,NULL
11335,6,180,NULL
11334,6,177,NULL
11333,6,176,NULL
11332,6,175,NULL
11331,6,174,NULL
11330,6,173,NULL
11329,6,170,NULL
11328,6,168,NULL
11327,6,166,NULL
11326,6,164,NULL
11325,6,163,NULL
11324,6,162,NULL
11323,6,161,NULL
11322,6,160,NULL
11321,6,152,NULL
11320,6,151,NULL
11319,6,150,NULL
11318,6,143,NULL
11317,6,136,NULL
11316,6,123,NULL
11315,6,120,NULL
11314,6,119,NULL
11313,6,117,NULL
11312,6,113,NULL
11311,6,110,NULL
11310,6,106,NULL
11309,6,104,NULL
11308,6,103,NULL
11307,6,98,NULL
11306,6,97,NULL
11305,6,96,NULL
11304,6,95,NULL
11303,6,94,NULL
11302,6,93,NULL
11301,6,92,NULL
11300,6,85,NULL
11299,6,84,NULL
11298,6,83,NULL
11297,6,81,NULL
11296,6,80,NULL
11295,6,79,NULL
11294,6,78,NULL
11293,6,76,NULL
11292,6,75,NULL
11291,6,74,NULL
11290,6,71,NULL
11289,6,70,NULL
11288,6,69,NULL
11287,6,68,NULL
11286,6,67,NULL
11285,6,66,NULL
11284,6,65,NULL
11283,6,64,NULL
11282,6,63,NULL
11281,6,62,NULL
11280,6,61,NULL
11279,6,60,NULL
11278,6,57,NULL
11277,6,54,NULL
11276,6,43,NULL
11275,6,40,NULL
11379,4,75,NULL
11378,4,263,NULL
11377,4,43,NULL
11376,4,64,NULL
11393,3,26,NULL
11392,3,152,NULL
11391,3,23,NULL
11390,3,21,NULL
11389,3,15,NULL
11388,3,141,NULL
11387,3,267,NULL
11386,3,137,NULL
11385,3,135,NULL
11384,3,3,NULL
11383,3,1,NULL
11419,1,3,NULL
11418,1,1,NULL