id_refs,hagrid,id_biblio
1,1,1
2,1,2
3,1,3
4,1,4
5,222,5
6,3,6
7,3,7
9,3,8
8,6,8
10,3,9
11,4,5
12,5,10
13,6,11
14,7,12
15,9,12
16,10,13
17,11,14
18,12,15
19,13,16
20,14,17
21,15,18
22,16,19
23,17,20
24,7,21
25,8,22
26,8,23
27,8,24
28,7,24
29,8,25
2489,2,1355
31,8,27
32,7,27
33,7,28
34,7,29
35,8,30
36,8,31
37,9,32
38,9,33
39,9,34
40,9,35
41,6,36
42,6,37
43,6,32
44,6,33
45,6,34
46,61,37
47,149,38
48,107,39
49,130,39
50,130,40
51,129,40
52,107,40
53,16,40
54,130,41
55,127,42
56,127,43
57,16,44
58,153,44
59,154,44
60,155,44
61,156,44
62,157,44
63,130,45
64,153,46
65,107,47
66,130,48
67,130,49
68,141,50
69,158,51
70,129,52
71,129,53
72,44,54
73,44,55
74,12,55
75,13,55
76,14,55
77,13,56
78,13,57
79,13,58
2488,26,1354
2487,2,1354
82,13,61
83,80,61
84,81,61
85,13,62
86,83,62
87,14,63
88,14,64
89,14,65
90,44,66
91,44,67
92,60,68
93,38,69
94,28,70
95,30,70
96,7,71
97,8,71
98,7,72
99,105,73
100,116,73
101,116,74
102,116,75
103,105,75
104,105,76
105,116,77
106,116,78
107,6,78
108,9,78
109,105,79
110,120,80
111,120,81
112,120,82
113,120,83
114,120,84
115,18,84
116,18,85
117,18,86
118,6,87
119,6,88
120,6,89
121,84,89
122,6,90
123,6,91
124,7,91
125,6,92
126,6,93
127,6,94
128,8,94
129,120,95
130,120,96
131,120,97
132,7,98
133,7,99
134,8,98
135,8,99
136,8,100
137,7,101
138,8,102
139,7,102
140,8,103
141,8,104
142,7,104
143,8,105
144,8,106
145,8,107
146,8,108
147,8,109
148,8,110
149,8,111
151,7,113
152,7,114
153,7,115
154,8,116
155,8,117
156,7,117
157,6,118
158,50,118
159,172,118
160,39,118
161,38,118
162,50,119
163,172,119
164,143,120
165,6,120
166,86,120
167,6,121
168,20,121
169,82,121
170,143,121
171,69,121
172,143,122
173,20,122
174,91,123
175,91,124
176,91,125
177,91,126
178,91,127
179,120,127
180,91,128
181,91,129
182,91,130
183,120,129
184,120,130
185,91,131
186,168,132
188,193,132
189,168,133
190,6,133
191,168,134
192,193,134
193,168,135
194,193,135
195,120,136
196,193,136
197,168,137
198,193,137
199,91,137
200,120,138
201,193,138
202,193,139
203,91,139
204,168,139
205,168,140
206,120,140
207,28,141
208,36,141
209,5,142
210,5,143
211,26,143
212,26,144
213,138,145
214,17,146
215,13,147
216,13,148
217,6,148
218,13,149
219,14,150
220,14,151
221,12,151
222,13,151
223,186,151
224,187,151
225,123,152
226,129,152
227,123,153
228,35,153
229,36,153
230,123,154
231,36,154
232,35,154
233,123,7
234,131,155
235,177,155
236,7,156
237,8,156
238,8,157
3764,183,1583
240,112,158
241,117,158
242,130,159
243,6,160
244,6,161
245,106,162
246,9,162
247,76,163
248,6,163
249,120,164
250,14,164
251,6,165
252,151,165
253,148,166
254,13,167
255,68,167
256,116,167
257,13,168
258,13,169
259,6,169
260,13,170
261,13,171
262,112,171
263,117,171
264,13,172
265,8,172
2486,26,1353
267,14,174
2485,2,1353
269,168,176
270,48,176
271,40,176
272,175,176
273,150,177
274,30,178
275,42,178
276,26,179
277,5,180
278,60,181
279,145,182
280,146,183
281,28,184
282,30,184
283,4,185
284,15,186
285,42,187
286,32,188
287,34,188
288,15,189
289,42,189
290,9,190
291,11,191
292,84,192
293,147,192
294,68,193
295,68,194
296,106,195
297,117,196
298,117,197
299,112,198
300,150,199
301,150,200
302,150,201
303,25,202
304,150,202
305,151,202
306,207,202
307,25,203
308,207,203
309,151,203
310,107,204
311,129,204
312,130,204
313,107,205
314,132,206
315,158,207
316,154,208
317,125,209
318,125,210
319,160,210
2997,30,1616
321,161,210
322,162,211
323,163,212
324,174,212
325,172,212
326,1,213
327,28,213
328,41,214
329,40,214
437,24,214
332,56,215
333,63,216
335,103,218
336,167,219
337,167,220
338,144,221
339,144,222
340,46,222
341,86,221
342,13,223
343,39,223
344,39,224
345,39,225
346,39,226
347,170,224
348,8,224
349,8,225
350,8,227
351,39,227
352,170,227
353,222,228
354,2,229
355,2,230
356,1,230
357,28,230
358,3,231
359,4,232
360,4,233
361,5,234
3088,150,1653
363,11,236
364,12,237
365,11,237
366,12,238
368,14,238
369,13,238
370,9,238
371,128,238
372,12,239
373,14,240
374,15,241
375,28,241
376,16,242
377,16,243
378,153,243
379,154,243
380,155,243
381,156,243
382,157,243
383,16,244
384,17,245
385,17,246
386,17,247
387,17,248
388,17,249
389,17,250
390,17,251
391,17,252
392,18,253
393,120,253
394,18,254
395,18,255
396,18,256
397,77,256
398,99,256
399,36,256
400,19,257
401,19,258
402,19,259
403,1,259
404,20,260
405,82,260
406,86,182
407,20,261
408,82,261
409,143,261
410,143,260
411,20,262
412,143,262
413,82,262
414,144,262
415,20,263
416,82,263
417,143,263
418,20,264
419,82,264
420,143,264
421,170,264
422,50,264
423,45,264
424,20,265
425,82,265
426,143,265
427,21,266
428,22,266
429,23,266
430,48,266
431,21,267
432,23,267
433,22,268
434,22,269
435,119,269
436,22,270
438,24,271
439,24,272
440,24,273
441,41,271
442,41,272
443,41,273
444,25,274
445,143,274
446,25,275
447,26,276
448,131,276
449,26,277
450,153,277
451,26,278
453,26,280
454,26,281
455,28,281
456,28,282
457,26,283
458,28,283
459,29,283
460,26,284
461,28,284
462,30,284
463,26,285
464,26,286
465,28,286
466,26,287
467,28,287
468,26,288
469,28,288
470,28,289
471,26,290
472,26,291
473,28,291
474,42,292
475,32,292
476,34,292
477,30,292
479,26,293
480,26,294
481,27,295
482,27,296
483,27,297
484,28,298
485,28,299
486,26,299
487,29,300
488,29,301
489,29,302
490,29,303
491,30,304
492,28,304
493,30,305
494,30,306
495,28,307
496,30,308
497,28,308
498,3,309
499,123,309
500,124,309
501,131,309
502,26,310
503,30,311
504,30,312
505,28,312
506,30,313
507,28,313
508,30,314
509,28,314
510,123,314
511,124,314
512,131,314
513,30,315
514,131,315
515,123,315
516,124,315
517,28,315
518,30,316
519,28,317
520,31,318
521,31,319
522,31,320
523,31,321
524,31,322
525,33,323
526,30,323
527,42,323
528,33,324
529,35,325
530,36,325
531,8,325
532,35,326
533,36,326
534,28,326
535,30,326
536,35,327
537,35,328
538,35,329
539,35,330
540,35,331
541,20,331
542,82,331
543,143,331
544,35,332
545,35,333
546,143,333
547,20,333
548,82,333
549,47,333
550,36,333
551,37,334
552,37,335
553,31,336
554,31,337
555,37,337
556,38,338
557,38,339
558,6,339
559,38,340
560,6,340
561,96,340
562,38,341
563,38,342
564,172,264
565,40,343
566,8,344
567,40,345
568,38,345
569,40,346
570,38,346
571,175,346
572,48,346
573,40,347
574,40,348
575,48,348
576,41,349
577,41,350
578,42,351
579,43,352
580,43,353
581,43,354
582,25,354
583,163,354
584,174,354
586,45,356
587,50,356
588,86,356
589,163,356
590,174,356
591,175,356
592,168,356
593,172,356
594,45,357
595,50,357
596,172,357
597,163,357
598,174,357
599,45,358
600,172,358
601,50,358
602,46,359
603,46,360
604,46,361
605,47,362
606,47,363
607,51,363
608,47,364
609,51,364
610,47,365
611,48,366
612,48,367
613,48,368
614,49,369
615,46,369
616,49,370
617,46,370
618,3,371
619,123,371
620,124,371
621,131,371
622,9,372
623,9,373
624,6,373
625,60,373
626,10,374
627,50,375
628,50,376
629,50,377
630,172,377
680,60,406
1127,132,676
633,192,377
634,50,378
635,51,379
636,47,379
637,51,380
638,52,381
639,52,382
640,52,383
641,53,384
642,1,384
643,2,384
644,53,385
645,100,385
646,53,386
647,54,387
648,54,388
649,54,389
650,54,390
651,55,391
652,55,392
653,173,392
654,55,393
655,56,394
656,56,395
657,56,396
658,6,396
659,120,396
660,61,396
661,79,396
662,63,396
663,9,396
664,68,396
665,11,396
666,126,396
667,57,397
668,40,397
669,48,397
670,57,398
671,58,399
672,55,399
673,55,400
674,58,401
675,58,402
676,59,403
677,59,404
1126,132,675
679,59,405
681,13,406
682,60,407
683,60,408
684,60,409
685,60,410
686,60,411
687,60,412
688,60,413
689,60,414
690,60,415
691,61,416
692,61,417
693,62,418
694,62,419
695,62,420
696,62,421
697,62,422
698,62,423
699,62,424
700,6,423
701,6,424
702,63,425
703,185,425
704,28,425
705,29,425
706,30,425
707,15,425
708,64,177
709,64,426
710,94,426
711,192,426
712,64,427
713,64,428
714,64,429
715,30,429
716,64,430
717,143,430
718,82,430
719,65,431
720,82,431
721,20,431
722,143,431
723,172,431
724,50,431
725,65,432
726,65,433
727,65,434
728,65,435
729,66,436
730,66,437
731,66,438
732,66,439
733,67,440
734,13,440
735,113,440
736,112,440
737,117,440
738,83,440
739,6,440
740,67,441
741,13,441
742,67,442
743,13,442
744,68,443
745,13,443
746,128,443
747,68,444
748,128,444
749,13,444
750,68,445
751,69,446
752,170,446
753,69,447
754,69,448
755,69,449
756,69,450
757,70,451
758,70,452
759,70,453
760,71,454
761,13,454
762,71,455
2083,82,1177
764,73,457
765,28,457
766,74,458
767,125,458
768,160,458
769,161,458
770,74,459
771,74,460
772,66,460
773,74,461
774,74,462
775,74,463
2082,20,1177
2081,52,1177
778,76,465
779,76,466
780,76,467
781,50,467
782,77,468
783,77,469
784,77,470
785,78,471
786,6,471
787,78,472
788,78,473
789,78,474
790,79,475
791,79,476
792,79,477
793,6,477
794,61,477
795,79,478
796,80,479
797,81,479
798,80,480
799,81,480
800,60,480
801,80,481
802,80,482
803,9,482
804,80,483
805,81,483
806,81,484
807,82,485
808,82,486
809,83,487
810,13,487
811,84,488
812,84,489
813,79,489
814,85,490
815,113,490
816,66,490
817,86,491
818,86,492
819,37,492
820,86,493
2080,215,1177
2079,215,1176
825,91,496
1024,120,617
827,91,497
828,91,498
829,91,499
830,91,500
831,91,501
832,92,502
833,92,503
834,92,504
835,92,505
836,92,506
837,93,507
838,93,508
839,77,508
840,93,509
843,93,510
842,6,509
844,94,511
845,13,511
846,94,512
847,64,512
848,94,513
849,94,514
850,113,514
2077,22,1174
2075,217,1174
2076,218,1174
854,96,517
855,6,517
856,96,518
857,96,519
858,6,519
859,38,519
860,120,519
861,96,520
862,96,521
863,97,522
864,86,522
865,143,522
866,20,522
867,82,522
868,97,523
869,97,524
870,98,525
871,14,525
872,98,526
873,98,527
874,98,528
875,98,529
876,98,530
877,98,531
878,98,532
879,98,533
880,98,534
881,170,534
882,99,535
883,99,536
2074,215,1174
888,103,540
889,103,541
890,103,542
891,104,543
892,6,543
893,113,543
894,67,543
895,126,543
896,104,544
897,104,545
898,104,546
899,11,546
900,104,396
902,104,547
903,104,548
904,104,549
905,105,550
906,116,550
907,105,551
908,106,552
909,116,552
910,106,553
911,6,553
912,106,554
917,106,557
914,106,555
915,106,556
916,6,556
918,7,557
919,106,558
920,13,558
921,106,559
922,117,559
923,112,559
924,60,559
925,107,560
926,129,560
927,130,560
928,153,560
929,107,561
930,154,562
931,130,562
932,107,563
933,107,564
934,107,565
935,107,566
936,107,567
939,109,569
940,109,570
941,109,571
942,12,571
943,92,571
944,11,571
945,104,571
946,109,572
947,110,573
948,110,574
949,110,575
950,110,576
951,112,577
952,112,578
953,112,579
954,113,580
955,204,580
956,113,581
958,113,582
959,114,583
960,114,584
961,13,584
962,114,585
963,114,586
964,114,587
965,94,587
966,114,588
967,113,588
968,114,589
969,114,590
970,98,590
974,116,592
975,13,592
977,117,593
978,112,593
979,117,594
980,112,594
981,13,594
982,112,595
983,6,595
988,117,579
990,119,597
991,27,597
992,119,598
993,69,598
994,119,599
995,119,600
996,69,600
997,119,601
998,119,602
999,69,602
1000,119,603
1002,120,604
1003,120,605
1005,120,606
1006,120,607
1007,177,607
1008,120,608
1009,120,609
1010,91,609
1011,120,610
1012,120,611
1013,18,611
1014,120,612
1015,120,613
1016,170,613
1017,193,613
1018,120,614
1020,120,615
1021,120,616
1022,18,616
1023,91,616
1025,18,617
1026,39,617
1027,121,618
1028,122,619
1029,3,619
1030,38,619
1031,122,620
1032,122,621
1033,38,621
1034,122,622
1035,47,622
1036,48,622
1037,122,623
1038,123,624
1039,123,625
1041,123,626
1042,125,626
1043,28,626
1044,30,626
1046,123,627
1047,31,627
1048,123,628
1049,123,629
1050,124,629
1051,131,629
1052,36,629
1053,124,630
1054,30,630
1055,125,631
1056,74,631
1057,160,631
1058,161,631
3246,200,1735
1060,125,632
1061,74,632
1062,159,632
1063,160,632
1064,161,632
1065,199,632
1066,125,633
1067,125,634
1068,125,635
1069,160,635
1070,125,636
1071,160,636
1072,125,637
1073,125,638
1074,125,639
3248,163,1736
1076,125,640
1077,125,641
3250,168,1736
1079,125,642
3249,174,1736
1081,125,643
1083,126,644
1084,149,644
1085,126,645
1086,149,645
1087,126,646
1088,92,646
1089,126,647
1090,127,648
1091,127,649
1092,128,650
1093,13,650
1094,68,650
1095,128,651
1096,170,651
1097,190,651
1098,128,652
1099,13,652
1100,68,652
1101,128,653
1102,12,653
1103,14,653
1104,128,654
1105,129,655
1106,129,656
1107,129,657
1108,129,658
1109,129,659
1110,129,660
1111,129,661
1112,130,662
1113,130,663
1114,130,664
1115,130,665
1116,130,666
1117,130,667
1118,130,668
1119,130,669
1120,130,670
1121,69,670
1122,130,671
1123,130,672
1124,131,673
1125,131,674
1128,132,677
1129,133,678
1130,133,679
1131,133,680
1132,133,681
1133,133,682
1134,134,683
1135,134,684
1136,135,685
1137,135,686
1139,135,415
1140,136,687
1141,136,688
1142,136,689
1143,137,690
1144,137,691
1145,43,691
1146,20,691
1147,82,691
1148,143,691
1151,137,692
1152,138,692
1153,137,693
1154,137,694
1156,137,695
1157,138,696
1158,138,697
1160,138,698
1161,137,698
1162,138,699
1163,138,700
1164,139,701
1165,137,701
1166,139,702
1167,139,703
1168,137,703
2073,215,213
1170,142,705
1171,142,706
1172,142,707
1173,142,708
1174,142,709
1175,143,710
1176,143,711
1177,20,711
1178,82,711
1179,143,712
1180,143,713
1181,192,713
1182,94,713
1183,144,714
1184,144,715
1185,86,715
1186,144,716
1187,144,717
1188,144,718
1189,144,719
1190,144,720
1191,144,721
1192,144,722
1193,28,722
1194,145,723
1195,145,724
1196,146,725
1197,146,726
1198,147,727
1199,13,727
1200,80,728
1201,81,728
1202,83,728
1203,148,729
3194,243,1705
1205,148,731
1206,149,732
1207,149,733
1208,126,733
1209,150,734
1210,6,734
1211,96,734
1212,150,735
1213,6,735
1215,151,736
1217,151,430
1218,151,737
1219,120,737
1220,151,738
1221,6,738
1222,153,739
1223,153,740
1224,130,740
1225,153,741
1226,153,742
1227,154,743
1228,155,744
1229,155,745
1230,156,746
1231,157,746
1232,157,747
1233,157,748
1234,157,749
1235,157,750
1236,158,726
1237,158,751
1238,158,752
1239,137,752
1240,159,753
1241,159,754
1242,160,754
1243,160,755
1244,160,756
1245,160,757
1246,162,758
1247,162,759
1248,162,760
1249,163,761
1250,163,762
1251,163,763
1252,172,763
1253,163,764
1254,172,764
1255,38,764
1256,163,765
1257,30,765
1258,163,766
1259,193,766
1260,174,766
1261,163,767
1262,86,767
1263,174,767
1264,143,767
1265,163,768
1266,48,768
1267,165,769
1268,99,769
1269,167,770
1270,167,771
1271,167,772
1272,168,773
1273,168,774
1274,168,775
1275,168,776
1276,163,776
1277,174,776
1278,169,777
1279,169,778
1280,169,779
1281,169,780
1282,170,781
1284,171,782
1285,172,783
1286,172,784
1287,173,785
1288,174,786
1289,163,786
1290,174,787
1291,163,787
1292,168,787
1293,175,787
1294,175,788
1295,176,789
1296,176,790
1297,176,791
1298,176,792
1299,176,793
1301,177,794
1302,178,790
1303,178,795
1304,178,796
1305,182,797
1306,182,798
1307,182,799
1308,182,800
1309,123,801
1310,124,801
1311,183,628
1312,183,624
1313,183,801
1314,183,802
1315,123,802
1316,124,802
1317,131,802
1318,184,803
1319,185,804
1320,185,805
1321,185,806
1322,30,805
1323,186,807
1324,187,808
1325,188,809
1326,188,810
1327,188,811
1328,188,812
1329,188,813
1330,189,814
1331,189,815
1332,189,816
1333,189,817
1334,189,818
1335,190,819
1336,13,819
1337,170,819
1338,190,820
1339,190,821
1340,190,822
1341,191,823
1342,35,823
1343,185,823
1344,191,824
1345,185,824
1346,35,824
1347,191,825
1348,191,826
1349,191,827
1350,191,828
1351,191,829
1352,191,830
1353,191,831
1354,191,832
1355,191,833
1356,191,834
1357,191,835
1358,191,836
1359,98,836
1360,50,837
1361,172,837
1362,192,838
1363,192,839
1364,192,840
1365,192,841
1366,192,842
1367,192,843
1368,193,844
1369,194,845
1370,194,846
1371,194,847
1372,194,848
1373,195,243
1374,195,849
1375,195,850
1376,50,851
1377,172,851
1378,143,851
1379,20,851
1380,82,851
1381,195,852
1382,195,853
1383,195,854
1384,195,855
1385,50,855
1386,172,855
1387,195,856
1388,195,857
1389,6,857
1390,196,858
1391,168,858
1392,196,859
1393,120,859
1394,196,860
2071,26,1173
2070,1,1173
2069,215,1173
1398,198,863
1399,20,863
1400,82,863
1401,143,863
1402,198,864
1403,198,865
1404,198,866
1405,198,867
1406,198,868
1407,198,869
1408,198,870
1409,198,871
1410,20,871
1411,82,871
1412,143,871
1413,198,872
1414,200,873
1415,201,155
1416,201,875
1417,201,876
1418,201,877
1419,202,878
1420,120,878
1421,203,879
1422,203,880
1424,41,881
3303,183,1238
1428,206,884
1429,207,885
1430,61,885
1431,208,886
1432,39,886
1433,209,886
1434,208,887
1435,210,888
1436,39,888
1437,210,889
1438,6,889
1439,210,890
1440,6,890
1441,180,891
1444,44,892
1445,9,892
1446,44,893
1448,44,894
1449,44,895
1450,44,896
1451,9,896
1452,44,897
1453,61,897
1454,44,898
1455,44,874
1456,116,874
1459,1,899
1460,222,899
1461,3,899
1462,4,899
1463,5,899
1464,42,899
1465,15,899
1466,222,900
1467,4,355
1468,5,355
1469,5,591
1470,157,596
1471,172,596
1472,163,596
1474,211,901
1475,83,901
1476,211,902
1477,86,902
1478,115,902
1480,211,582
1481,211,903
1482,13,903
1483,152,904
1484,152,905
1485,8,905
1486,152,906
1487,6,906
1488,152,907
1490,199,756
1491,199,908
1492,160,908
1493,199,909
1494,160,909
1495,74,909
3247,203,1736
1497,160,910
1498,199,911
1499,129,911
1500,130,911
1501,107,911
1502,153,911
1503,160,911
1504,199,912
1505,199,913
1506,199,914
1507,66,914
1508,199,915
1509,160,915
1510,199,916
1511,160,916
1512,118,917
1513,118,918
1514,118,919
1515,13,919
1516,118,920
1517,118,921
1518,204,921
1519,118,440
1520,118,922
1521,13,922
1522,118,652
1523,6,652
1524,61,652
1525,148,652
1526,67,652
1527,118,923
1528,13,923
1529,118,924
1530,118,925
1531,204,925
1532,115,926
1533,39,926
1534,115,927
1535,115,928
1536,115,929
1537,115,930
1538,115,931
1539,115,932
1540,115,933
1541,115,934
1542,115,935
1543,115,182
1544,115,936
1545,69,936
1546,119,936
1547,115,937
1548,115,938
1549,115,939
1550,115,940
1551,13,940
1552,115,941
1553,115,942
1554,69,942
1555,115,943
1557,90,887
1558,90,944
1560,90,945
1561,208,945
1562,39,945
1566,163,949
1567,57,949
1568,57,950
1569,57,951
1570,57,952
1571,11,953
1572,111,953
1574,126,953
1575,111,954
1576,111,955
1577,11,955
1578,109,953
1579,104,953
1580,202,956
1581,123,957
1582,124,957
1583,131,957
1584,183,957
1585,123,958
1586,183,958
1587,124,958
1588,131,958
1589,28,959
1590,30,960
1592,10,962
1594,11,963
1595,126,14
1596,15,964
1597,15,965
1598,28,965
1599,15,966
1600,19,967
1601,19,968
1602,40,968
1603,123,326
1604,124,326
1606,131,326
1607,183,326
1608,183,314
1609,183,315
1610,183,626
1611,124,626
1612,131,626
1613,30,628
1614,28,628
1615,29,628
1616,124,628
1617,131,628
1618,70,969
2078,215,1175
1620,92,238
1621,93,971
1622,123,972
1623,124,972
1624,183,972
2072,28,1173
1626,149,963
1627,169,974
1628,171,975
1629,28,3
1630,73,3
1631,149,976
1632,6,976
1633,149,977
1634,127,978
1635,6,979
1636,150,980
1637,6,980
1638,28,981
1640,200,982
1641,208,982
1642,209,982
1643,60,983
1644,13,983
1645,117,983
1646,112,983
1647,60,984
1648,125,985
1650,14,987
1651,8,988
1652,138,989
1653,150,990
1654,123,990
3180,136,1696
1657,8,992
1664,58,994
1665,9,994
1666,81,482
1668,85,903
1670,164,996
1671,164,997
1672,32,996
1673,166,998
1674,179,999
1675,168,999
1676,179,1000
1677,163,1000
1678,168,1000
1679,174,1000
1680,175,1000
1681,181,1001
1682,14,1001
1683,196,791
1685,14,1002
1686,13,1003
1687,39,1003
1688,212,1004
1689,6,1004
1690,61,1004
1691,44,1004
1692,212,1005
1693,44,1005
1694,212,1006
1695,44,1006
1696,9,1006
1697,68,1006
1698,6,1006
1699,212,1007
1700,6,1007
1701,212,1008
1702,6,1008
1703,212,1009
1704,44,1009
1705,44,1010
1706,9,1010
1707,44,1011
1708,13,1011
1709,13,1012
1710,9,1013
1711,192,1013
1712,8,1014
1713,183,1015
1714,123,1015
1715,124,1015
1716,131,1015
1717,212,1016
1718,9,1016
1719,106,1016
1720,117,1017
1721,106,1017
1722,112,1017
1723,176,1018
1724,170,1019
1725,94,1019
1726,64,1019
1727,214,1017
1728,213,1020
1729,214,1020
1730,213,1021
1731,213,1022
1732,214,1022
1733,213,1023
1734,64,1023
1735,213,1024
1736,214,1024
1737,75,1025
1738,75,1026
1739,75,1027
1740,75,1028
1741,75,1029
1742,75,1030
1743,75,1031
1744,75,1032
1745,91,1032
1746,75,1033
1747,75,1034
1748,75,1035
1749,75,1036
1750,75,1037
1751,9,1038
1752,6,1038
1753,210,1038
1754,3,1039
1755,6,1039
1756,160,1039
1757,7,1040
1759,184,1041
1760,5,1041
1761,4,1041
1762,14,1042
1763,6,1042
1764,30,1043
1765,65,1043
1766,36,1043
1767,185,1043
1768,77,1043
1769,101,1044
1770,101,1045
1771,101,1046
1772,101,1047
1773,13,1048
1774,160,1049
1775,199,1049
1776,144,1050
1777,3,1051
1779,14,1052
1780,13,1053
1781,68,1053
1782,148,1053
1783,72,1054
1784,72,1055
1785,72,1056
1786,72,1057
1788,72,1059
1789,72,1060
1790,72,1061
1791,72,1062
1792,115,1063
1793,69,1063
1794,6,1063
1795,125,1064
1796,160,1064
1797,144,1065
1799,153,1066
1800,14,1067
1801,150,1068
1802,150,1070
1803,6,1070
1804,150,1071
1805,123,1071
1806,117,1072
1807,119,1072
1808,117,1073
1809,119,1073
1810,64,1073
1811,94,1073
1812,123,1074
1813,14,1075
1814,13,1076
1815,6,1077
1816,13,1078
1817,185,1079
1818,38,1079
1819,39,1079
1820,35,1079
1821,13,1069
1822,7,1069
1823,197,1080
1824,197,1081
1825,197,1082
1826,140,1083
1827,140,1084
1828,140,1085
1829,140,1086
1830,10,1087
1831,32,1088
1832,34,1088
1833,59,1089
1834,59,1090
1835,123,1091
1836,127,1092
1837,147,1093
1838,9,1093
1839,72,1094
1841,95,1096
1842,95,1097
1843,95,1098
1844,95,1099
1845,6,1099
1846,60,1099
1847,95,1100
1848,95,1101
1849,60,1101
1850,114,1101
1851,83,1101
1852,80,1102
1853,81,1102
1854,83,1102
1855,148,1102
1856,9,1101
1857,13,1103
1858,13,1104
1859,7,1105
1860,8,1105
1861,105,1105
1862,116,1105
1863,38,1106
1864,8,1106
1865,28,1107
1866,15,1107
1867,26,1107
1868,1,1107
1869,222,1107
1870,4,1107
1871,5,1107
1872,130,1107
1873,3,1107
1874,36,1107
1875,122,1107
1876,30,1107
1877,32,1107
1878,34,1107
1879,42,1107
1880,107,1107
1881,123,1107
1882,124,1107
1883,175,1107
1884,35,1107
1885,141,1107
1886,16,1107
1887,69,1107
1888,17,1107
1889,6,1107
1890,11,1107
1891,42,1108
1892,28,1109
1893,15,1109
1894,26,1109
1895,15,141
1897,32,141
1898,124,141
1899,69,1110
1900,69,1111
1904,13,1114
1905,60,1114
1906,14,1115
1907,8,1116
1908,6,1117
1909,112,1118
1910,3,1119
1913,6,1119
1914,28,1119
1915,15,1119
1916,1,1119
1917,26,1119
1918,123,1119
1919,129,1119
1920,107,1119
1921,160,1119
1922,8,1120
1923,7,1120
1924,28,1121
1925,88,1122
1926,89,1122
1927,88,1123
1928,88,1124
1929,88,1125
1930,88,1126
1931,88,1127
1932,88,1128
1933,88,1129
1934,89,1130
1935,89,1131
1936,89,1132
1937,89,1133
1938,89,1134
1939,88,1132
1940,30,1133
1941,32,1133
1942,14,1135
1943,13,1136
1944,13,1137
1945,181,1137
1946,150,1138
1947,13,1139
1948,12,1139
1949,9,1139
1950,14,1139
1951,186,1139
1952,187,1139
1953,92,1139
1954,60,1140
1955,66,1141
1956,85,1141
1958,129,1142
1960,107,1143
1961,2,1144
1962,53,1144
1963,26,1144
1964,6,1145
1965,96,1145
1966,6,1146
1967,28,1146
1968,26,1146
1969,15,1146
1970,35,1146
1971,63,1146
1972,210,1146
1973,124,1146
1974,73,1146
1975,38,1146
1976,175,1146
1978,9,1147
1979,44,1147
1980,10,1148
1981,28,1148
1982,13,1149
1983,7,1149
1984,68,1149
1985,13,1150
1986,105,1150
1987,116,1150
1988,113,1150
1989,15,1151
1990,28,1151
1991,29,1151
1992,17,1152
1994,28,1153
1995,29,1153
1996,30,1153
1997,42,1153
1998,123,1153
1999,124,1153
2000,63,1153
2001,28,1154
2002,26,1154
2005,29,1156
2007,30,1157
2008,26,1157
2009,2,1157
2010,4,1157
2011,5,1157
2012,28,1157
2013,1,1157
2014,15,1157
2015,42,1157
2016,30,1091
2017,123,1158
2018,6,1158
2019,35,1158
2020,35,1159
2021,35,1160
2022,28,1160
2023,6,1160
2024,8,1160
2025,40,1161
2026,48,1161
2027,40,1162
2028,48,1162
2029,40,1163
2030,41,1163
2031,45,1164
2032,4,1164
2033,172,1164
2034,61,1114
2035,70,1165
2036,70,1166
2037,77,1167
2038,86,1168
2039,110,1169
2040,115,1170
2041,115,1171
2042,7,1171
2043,129,1172
2044,130,973
2045,137,970
2046,138,862
2048,142,861
2049,144,704
2050,20,704
2051,160,704
2052,137,704
2053,115,704
2054,153,537
2055,172,516
2056,174,516
2057,176,515
2058,178,515
2059,196,515
2060,191,495
2061,191,464
2062,191,456
2063,31,456
2064,36,456
2065,185,456
2066,175,456
2067,83,454
2084,143,1177
2085,215,1178
2086,216,1179
2087,216,1180
2088,170,1180
2089,216,1181
2090,216,1182
2091,216,1183
2092,216,1184
2093,216,1185
2094,216,1186
2095,216,1187
2096,216,1188
2097,8,1188
2098,39,1188
2099,208,1188
2100,216,1189
2101,216,1190
2102,37,1190
2103,216,1191
2104,216,1192
2105,216,1193
2106,216,1194
2107,216,1195
2108,216,1196
2109,216,1197
2110,217,1198
2111,217,1199
2112,217,1200
2113,217,1201
2114,30,1201
2115,217,1202
2116,217,1203
2117,217,1204
2118,30,1204
2119,217,1205
2120,217,1206
2121,217,1207
2122,217,1208
2123,217,1209
2124,217,1210
2125,217,1211
2126,217,1212
2127,217,1213
2128,217,1214
2129,138,1214
2130,217,1215
2132,217,1216
2133,218,1217
2134,218,1218
2140,217,1219
2139,218,1219
2137,22,1218
2138,217,1218
2141,218,1220
2142,217,1220
2143,22,1220
2144,218,1221
2145,217,1222
2146,218,1223
2147,218,1224
2148,21,1224
2149,22,1224
2150,23,1224
2151,219,1225
2157,143,1225
2158,20,1225
2159,82,1225
2160,219,1227
2161,9,1227
2167,219,871
2168,220,1166
2169,220,1229
2170,61,1229
2171,6,1229
2172,38,1229
2173,156,1229
2174,157,1229
2175,220,1230
2176,220,1231
2177,220,1232
2178,220,1233
2179,138,1233
2180,220,1234
2181,220,1235
2182,220,1236
2183,220,1237
2184,123,1238
2185,124,1238
2186,28,1238
2187,30,1238
2188,129,1239
2189,130,1239
2190,144,1240
2191,1,1241
2192,222,1241
2193,3,1241
2194,4,1241
2195,5,1241
2196,6,1241
2197,7,1241
2198,9,1241
2199,13,1241
2200,14,1241
2201,15,1241
2202,16,1241
2203,17,1241
2204,42,1241
2205,197,1241
2206,141,1241
2207,148,1241
2208,88,1241
2209,89,1241
2210,127,1241
2211,13,1242
2212,107,1243
2213,107,1244
2214,129,1245
2215,130,1245
2216,153,1246
2217,154,1246
2218,107,1246
2219,41,1247
2220,39,1248
2221,115,1249
2222,6,1250
2223,55,1251
2224,7,1252
2225,8,1252
2226,7,1253
2227,60,1253
2228,112,1253
2229,106,1253
2230,91,1254
2231,5,1255
2232,222,1255
2233,124,1256
2234,42,1256
2235,32,1256
2236,60,1257
2237,216,1258
2238,110,1258
2239,60,1259
2240,8,1260
2241,15,1261
2242,42,1261
2243,63,1261
2244,123,1261
2245,32,1261
2246,34,1261
2247,32,351
2248,34,351
2249,216,1262
2250,3,1263
2251,10,1264
2252,28,1264
2253,13,1265
2254,144,1266
2255,28,1266
2256,30,1266
2257,142,1266
2258,15,1266
2259,36,1266
2260,1,1267
2261,26,1267
2262,28,1267
2263,222,1268
2264,4,1268
2265,1,1268
2266,15,1268
2267,3,1268
2268,7,1269
2269,8,1269
2270,14,1270
2271,15,1271
2272,26,1271
2273,28,1271
2274,3,1271
2275,28,1272
2276,30,1272
2277,55,1273
2278,77,1274
2280,96,1275
2281,91,1275
2282,98,1276
2283,119,1277
2284,69,1277
2285,38,1278
2286,28,1278
2287,138,1279
2288,138,1280
2289,138,1281
2290,138,1282
2292,191,1283
2294,150,1284
2295,150,1285
2296,150,1095
2297,124,1095
2298,61,1286
2299,129,1287
2300,130,1287
2301,26,1288
2302,28,1288
2303,153,1288
2304,154,1288
2305,155,1288
2306,156,1288
2307,157,1288
2308,153,1289
2309,154,1289
2310,155,1289
2311,156,1289
2312,157,1289
2313,6,1290
2314,5,1288
2315,5,1289
2317,74,1291
2318,3,18
2319,78,1292
2320,9,1292
2321,141,1292
2322,126,1293
2323,149,1293
2324,69,1294
2325,130,1295
2326,24,1296
2327,24,1297
2328,39,1298
2329,7,1299
2330,150,1300
2331,5,1301
2332,26,1301
2333,28,1301
2334,35,1301
2335,192,1301
2336,4,1302
2337,14,1303
2338,13,1304
2339,13,1305
2340,106,1305
2341,112,1305
2342,117,1305
2343,9,1306
2344,15,1306
2345,170,1306
2346,14,1307
2347,181,1307
2348,121,1307
2349,120,1307
2350,144,1308
2351,29,1309
2352,29,1310
2353,29,1311
2354,28,1312
2355,29,1313
2356,123,1314
2357,26,1315
2358,26,1316
2359,28,1316
2360,221,1317
2361,221,1318
2362,221,1319
2363,221,1320
2364,221,1321
2365,221,1322
2366,221,1323
2368,36,1323
2369,185,1323
2370,35,1323
2371,65,1318
2372,35,1318
2373,32,1318
2374,34,1318
2375,63,1318
2376,36,1318
2377,185,1318
2378,221,1324
2379,221,1325
2380,221,1326
2381,221,1327
2382,150,1328
2383,28,1328
2384,30,1328
2385,117,1328
2386,119,1328
2387,13,1329
2388,13,1330
2389,130,1330
2390,69,1330
2391,73,1330
2392,206,1330
2393,31,1330
2394,110,1331
2395,13,1332
2396,72,1333
2397,4,1334
2398,28,1334
2399,73,1334
2400,29,1334
2401,30,1334
2402,42,1334
2403,34,1334
2404,32,1334
2405,35,1334
2406,123,1334
2407,124,1334
2408,15,1334
2409,107,1335
2410,8,1336
2411,14,1337
2412,14,1338
2413,17,1339
2414,17,1340
2415,17,1341
2416,160,1342
2417,2,1343
2418,26,1343
2419,28,1343
2420,26,1344
2421,28,1344
2422,26,1345
2423,28,1345
2424,5,1345
2425,4,1345
2426,1,1345
2427,26,1346
2428,26,1347
2429,28,1347
2430,1,1347
2431,222,1347
2432,4,1347
2433,5,1347
2434,15,1347
2435,63,1348
2436,28,1348
2437,30,1348
2438,28,1349
2439,222,1349
2440,26,1349
2441,30,1349
2442,32,1349
2443,138,1350
2444,29,1350
2445,129,1350
2446,163,1351
2447,123,1351
2448,28,1351
2449,30,1351
2450,28,1352
2451,191,1112
2452,65,961
2453,77,961
2455,60,175
2456,150,173
2457,6,173
2458,123,173
2460,127,112
2461,163,60
2462,191,59
2463,30,1331
2464,217,1331
2465,222,1157
2466,26,1302
2467,4,26
2468,28,234
2469,28,591
2470,26,591
2471,223,161
2472,35,161
2473,120,160
2474,18,160
2475,40,344
2476,6,992
2477,92,15
2478,60,1136
2479,112,1136
2480,117,1136
2481,121,1002
2482,202,1002
2483,18,1002
2484,30,1352
2490,223,1356
2491,223,1357
2492,39,1357
2493,223,1358
2494,124,1358
2495,223,1359
2496,223,1360
2497,223,1361
2498,223,1362
2499,223,1363
2500,223,1364
2501,223,1365
2502,223,1366
2503,164,1366
2504,35,1366
2505,123,1358
2506,71,1367
2507,224,1368
2508,224,1369
2509,224,1370
2510,224,1371
2511,224,1372
2512,224,1373
2513,224,1374
2514,137,1374
2515,224,1375
2516,224,1376
2517,224,1377
2518,224,1378
2519,137,1378
2520,224,1379
2521,225,1379
2522,224,1380
2523,224,1381
2524,224,1382
2525,137,1382
2526,224,1383
2527,225,1384
2528,225,1385
2529,225,1386
2530,225,1387
2531,225,1388
2532,225,1389
2533,225,1390
2534,225,1391
2535,225,1392
2536,225,1368
2537,225,1393
2538,226,1394
2539,226,1395
2540,226,1396
2541,226,1397
2542,6,1397
2543,226,1398
2544,120,1398
2545,226,1399
2546,226,1400
2547,226,1401
2548,226,1402
2549,188,1402
2550,226,1403
2551,226,1404
2552,226,1405
2943,6,1593
2942,3,1593
2555,226,1406
2556,6,1406
2557,39,1406
2558,227,1407
2559,227,1408
2561,228,1409
2562,228,1410
2563,228,1411
2564,229,1412
2565,229,1413
2566,229,1414
2567,229,1415
2568,229,1416
2569,229,1417
2570,229,1418
2571,230,1419
2572,230,1420
2573,230,1421
2574,230,1422
2575,230,1423
2576,30,1261
2577,222,1424
2578,26,1424
2579,204,1425
2580,150,1425
2581,114,1425
2582,13,1425
2583,68,1425
2584,128,1425
2585,244,1426
2587,205,1427
2588,205,421
2589,205,1428
2590,205,1429
2591,205,1430
2592,205,1431
2593,205,1432
2594,205,1433
2595,205,1434
2596,137,1434
2597,137,1432
2598,205,1435
2599,205,1436
2600,205,1437
2601,137,1437
2602,205,1438
2603,137,1438
2604,205,1439
2605,205,1440
2606,138,1440
2607,205,1441
2608,205,1442
2609,205,1443
2610,205,1444
2611,205,1445
2612,138,1445
2613,205,1446
2614,138,1446
2615,205,1447
2616,205,1448
2617,137,1448
2618,232,1449
2619,232,1450
2620,232,1451
2621,232,1452
2622,232,1453
2623,232,1454
2624,232,1455
2625,232,1456
2626,232,1457
2627,232,1458
2628,232,1459
2629,232,1460
2630,232,1461
2631,232,1462
2632,217,1462
2633,88,1385
2634,14,1463
2635,84,1463
2636,212,1463
2637,127,1464
2638,16,1464
2639,8,1465
2640,72,1466
2641,124,1467
2642,124,1468
2643,28,1467
2644,30,1467
2645,124,1469
2646,42,1469
2647,203,1469
2648,89,1469
2649,88,1469
2650,120,1469
2651,30,1469
2652,217,1469
2653,35,1469
2654,160,1470
2655,125,1470
2656,130,1471
2658,233,1463
2659,233,1270
2660,233,1472
2661,6,1472
2662,233,1473
2663,233,1474
2664,14,1475
2665,233,1476
2666,233,1477
2667,14,1472
2668,14,1477
2669,14,1476
2670,14,1474
2671,14,1473
2672,233,1478
2673,14,1478
2674,14,1479
2682,150,1480
2683,150,1481
2684,6,1480
2685,226,1480
2686,168,1482
2690,17,1484
2689,17,1483
2692,17,1485
2693,30,1485
2694,15,1485
2695,32,1485
2696,34,1485
2697,35,1485
2698,185,1485
2699,28,1485
2700,42,1485
2701,26,1486
2702,28,1486
2703,77,1486
2704,234,1487
2705,6,1487
2706,234,1488
2707,234,1489
2708,112,1490
2710,234,1491
2711,6,1491
2712,61,538
2713,150,1493
2714,226,1494
2715,6,1495
2717,235,1496
2718,235,1450
2719,235,1497
2720,235,1451
2721,235,1498
2722,232,1498
2723,130,1499
2724,129,1499
2725,235,1454
2726,232,1500
2727,235,1500
2728,235,1481
2729,235,1501
2730,235,1502
2731,232,1502
2732,235,1503
2733,235,1504
2734,235,1505
2735,3,1506
2736,6,1506
2737,8,113
2738,6,1507
2739,9,1507
2740,8,1507
2741,116,1507
2742,11,1508
2743,13,1509
2744,13,1510
2745,13,1511
2746,14,1512
2747,16,1513
2748,17,1514
2749,35,1514
2750,123,1514
2751,124,1514
2752,129,1514
2753,26,1515
2754,28,1515
2755,28,1516
2756,205,1516
2758,30,1500
2759,30,1481
2760,38,1517
2761,28,1517
2762,30,1517
2763,36,1518
2765,36,1517
2766,13,1519
2767,60,1519
2768,112,1519
2769,106,1519
2770,44,1519
2771,212,1519
2772,236,1520
2773,13,1520
2774,236,1521
2775,236,1522
2776,204,1522
2777,236,1523
2778,236,1524
2779,236,1525
2780,236,921
2781,236,1519
2782,13,1526
2783,212,1526
2784,44,1526
2785,9,1526
2786,48,1527
2787,85,1527
2788,14,1527
2789,50,1528
2790,59,1529
2791,60,1530
2792,60,1531
2796,63,1533
2797,6,1533
2798,65,1534
2799,3,1534
2800,219,1534
2801,69,1534
2802,69,1535
2803,69,1536
2804,6,1536
2805,119,1536
2806,159,1536
2807,160,1536
2808,60,1537
2809,92,1537
2810,96,1491
2811,226,1491
2812,107,1538
2813,26,1538
2814,28,1538
2815,153,1538
2816,129,1538
2817,1,1538
2818,116,1540
2819,117,1541
2820,112,1541
2821,124,1541
2822,42,1541
2823,175,1542
2824,3,1542
2825,35,1542
2826,123,1542
2827,128,1543
2828,96,1543
2829,84,1543
2830,129,1544
2831,135,1536
2832,138,1545
2833,138,1546
2834,150,1547
2835,157,1548
2836,156,1548
2837,188,1549
2838,226,1549
2839,205,1550
2840,237,1551
2841,238,1551
2842,237,1246
2843,238,1246
2844,237,1552
2845,238,1552
2846,237,1553
2847,237,1554
2848,238,1555
2849,238,1556
2850,237,1557
2851,130,1539
2852,150,1558
2853,19,1559
2854,26,1559
2855,1,1559
2856,73,1559
2857,28,1559
2858,19,1560
2859,26,1560
2860,28,1560
2861,236,1098
2863,10,1561
2864,129,1561
2865,17,1562
2866,230,1228
3765,14,986
2868,150,1564
2869,138,702
2870,217,1565
2871,150,1566
2872,6,1567
2873,42,539
2874,25,736
2875,207,736
2876,18,1569
2877,6,1569
2878,120,1569
2879,202,1569
2880,221,1570
2881,150,1570
2882,60,1571
2883,6,1571
2884,13,1572
2885,68,1572
2886,116,1572
2887,55,1573
2888,150,1574
2889,20,1574
2890,82,1574
2891,143,1574
2892,219,1574
2893,150,1575
2895,6,1575
2897,139,1576
2898,35,60
2899,172,60
2900,174,60
2901,42,960
2902,42,958
2903,126,494
2904,150,1578
2909,129,882
2910,168,1580
2911,13,1580
2912,14,1581
2913,28,1581
2914,30,1581
2915,150,1582
2916,6,1582
2917,123,1583
2918,124,1583
2919,35,1583
2920,30,1583
2921,28,1583
2922,150,1583
2923,107,1583
2924,129,1583
2925,31,1583
2926,55,1584
2927,1,1584
2928,13,1585
2929,6,1586
2930,150,1586
2931,14,1587
2932,236,1588
2933,13,1588
2934,14,1589
2935,239,1590
2936,28,1590
2937,28,1591
2938,9,1591
2939,15,1591
2940,239,1592
2941,236,1590
2944,65,1593
2945,240,1594
2946,241,1594
2947,197,1594
2948,6,1594
2949,226,1594
2950,240,1595
2951,240,1596
2952,197,1596
2953,241,1597
2954,240,1597
2955,242,1598
2956,242,1599
2957,242,1600
2958,242,1601
2959,242,1602
2960,150,1601
2961,6,1601
2962,30,1601
2963,30,1598
2964,210,1603
2965,6,1603
2966,234,1604
2967,6,1604
2968,31,1604
2969,119,1604
2970,8,1605
2971,7,1606
2972,11,1607
2973,126,1607
2974,92,1607
2975,149,1607
2976,1,1608
2977,26,1608
2978,28,1608
2979,30,1608
2980,42,1608
2981,15,1608
2982,32,1608
2983,34,1608
2984,55,1608
2985,179,1609
2986,168,1609
2987,16,1609
2988,4,1609
2989,1,1573
2990,30,1573
2991,28,1610
2992,28,1611
2993,132,1612
2994,132,1613
2995,132,883
2996,132,946
2998,235,1616
2999,150,1616
3000,39,1617
3001,226,1617
3002,188,1617
3003,50,1618
3004,55,1619
3005,86,1619
3006,59,1620
3007,168,1620
3008,62,1621
3009,62,1622
3010,69,1623
3011,119,1623
3012,77,1624
3013,171,1624
3014,83,1625
3015,86,1626
3016,181,1627
3017,107,1628
3018,129,1628
3019,130,1628
3020,153,1628
3021,160,1629
3022,107,1630
3023,129,1630
3024,130,1630
3025,153,1630
3026,154,1630
3027,156,1630
3028,157,1630
3029,107,1631
3030,153,1631
3031,129,1631
3032,130,1631
3033,107,1632
3034,154,1632
3035,129,1632
3036,130,1632
3037,145,1634
3038,153,1634
3039,129,1634
3040,130,1634
3041,107,1635
3042,130,1635
3043,129,1635
3044,154,1635
3045,205,1635
3046,107,1636
3047,129,1636
3048,130,1636
3049,153,1636
3050,107,1637
3051,153,1637
3052,129,1637
3053,130,1637
3054,113,1605
3055,115,1638
3056,69,1638
3058,119,1639
3059,69,1639
3060,137,947
3061,144,1641
3062,144,1642
3063,205,1642
3064,215,1642
3065,21,1642
3066,22,1642
3067,23,1642
3068,145,1643
3069,159,1644
3070,160,1644
3071,199,1644
3072,27,1645
3073,191,1646
3074,191,1647
3075,191,1648
3076,220,1649
3077,224,1650
3078,35,948
3079,42,948
3080,15,948
3082,87,948
3083,87,1652
3084,35,1652
3085,87,1633
3086,35,1633
3087,1,235
3089,172,1653
3090,168,1653
3091,48,1653
3092,28,1653
3093,35,1653
3094,222,995
3095,29,1492
3096,29,1656
3097,32,1657
3098,32,1658
3099,34,1659
3100,35,1660
3101,123,1660
3102,6,1660
3103,42,1661
3104,53,1662
3105,2,1662
3106,26,1662
3107,53,1663
3108,26,1663
3109,2,1663
3110,50,1663
3111,53,1664
3112,137,1664
3113,53,1568
3114,2,1568
3115,107,994
3116,137,1621
3117,63,1577
3118,63,1667
3119,35,1667
3120,217,429
3121,77,432
3122,65,1668
3123,65,1669
3124,69,1579
3125,69,1671
3126,70,1672
3127,6,1672
3128,76,1673
3129,6,1673
3130,210,1673
3131,120,1673
3132,77,1674
3133,77,1675
3134,79,1676
3135,84,475
3136,84,1677
3137,85,1678
3138,231,1679
3139,231,162
3140,231,1680
3141,231,1681
3142,9,1681
3143,6,1679
3144,9,1679
3145,61,1679
3146,79,1679
3147,97,1682
3148,205,1682
3149,223,1682
3150,100,1683
3151,101,1684
3152,101,1685
3153,9,568
3154,68,568
3155,113,568
3156,61,568
3157,44,568
3158,6,198
3159,120,991
3160,121,1687
3161,14,1687
3162,120,1687
3163,223,1687
3164,122,1688
3165,168,1688
3166,166,1688
3167,163,1688
3168,35,629
3169,125,1689
3170,127,1690
3171,127,1691
3172,128,1692
3173,129,1693
3174,129,1694
3175,232,1694
3176,235,1694
3177,133,1695
3178,133,1686
3181,136,1697
3182,137,1698
3183,138,1699
3184,205,1699
3185,138,1700
3186,139,1701
3187,140,1702
3188,197,1702
3189,13,730
3190,13,1704
3191,6,1704
3192,91,1703
3193,26,722
3195,243,1706
3196,243,1707
3197,243,1708
3198,243,1709
3199,22,721
3200,39,721
3201,150,1710
3202,153,1711
3203,154,1712
3204,237,1289
3205,238,1289
3206,159,1713
3207,162,1714
3208,163,1715
3209,174,1715
3210,69,763
3211,165,1716
3212,166,1716
3213,166,1717
3214,166,1718
3215,52,773
3216,169,1719
3217,42,765
3218,174,1720
3219,174,1721
3220,176,1722
3221,179,1723
3222,163,1723
3223,194,891
3224,181,1724
3225,184,1725
3226,184,1726
3227,5,1726
3228,26,1726
3229,2,1726
3230,4,1726
3231,226,810
3232,50,834
3233,191,1727
3234,191,1728
3235,98,1728
3236,192,1729
3237,194,1730
3238,195,1731
3239,236,1731
3240,195,1732
3241,197,1733
3242,198,1734
3243,160,642
3244,160,641
3245,160,639
3251,206,1737
3252,6,1737
3253,91,1737
3254,226,887
3255,210,1738
3256,6,1738
3257,216,1739
3258,216,1740
3259,217,1741
3260,218,1742
3261,218,217
3262,218,1744
3263,218,1745
3264,30,1744
3265,219,1746
3266,219,1747
3267,220,1748
3268,220,1749
3273,30,1322
3272,28,1322
3271,42,1321
3274,222,1750
3275,222,1751
3276,26,1751
3277,102,1752
3278,102,1753
3279,138,1753
3280,142,1753
3281,102,1754
3282,102,1755
3283,102,1756
3284,102,1743
3285,30,1743
3286,124,1743
3287,6,1494
3288,120,1494
3289,227,1670
3290,192,1407
3291,228,1666
3292,137,1666
3293,185,1666
3294,230,1651
3295,230,1655
3296,230,1665
3297,107,1654
3298,30,1505
3299,235,1640
3300,103,1615
3301,190,881
3302,190,1614
3304,63,1757
3305,12,1758
3306,130,1759
3307,217,1122
3308,14,1760
3309,14,1761
3310,233,1761
3311,11,1762
3312,11,1763
3313,17,1764
3314,30,1764
3315,26,1765
3316,130,1766
3317,86,1767
3318,60,1328
3319,92,1768
3320,150,1769
3321,60,1769
3322,150,1770
3323,60,1770
3324,63,1771
3325,35,1771
3326,28,1771
3327,30,1771
3328,123,1771
3329,124,1771
3330,131,1771
3331,183,1771
3332,36,1771
3333,36,948
3334,36,1652
3335,63,1772
3336,35,1772
3337,221,1772
3338,1,1773
3339,30,3
3340,30,1773
3341,28,1773
3342,26,1773
3343,233,1774
3344,14,1774
3345,123,1775
3346,124,1775
3347,131,1775
3348,183,1775
3349,15,1775
3350,28,1775
3351,30,1775
3352,42,1775
3353,123,60
3354,124,60
3355,131,60
3356,183,60
3357,25,1284
3358,151,1284
3359,207,1284
3360,123,199
3361,124,199
3362,131,199
3363,183,199
3364,42,199
3365,91,199
3366,150,1776
3367,137,1776
3368,6,1777
3369,191,1778
3370,6,1779
3371,13,1779
3372,5,1780
3373,129,1781
3374,107,1781
3375,48,6
3376,5,1323
3377,5,292
3378,5,1782
3379,86,1782
3380,144,1782
3381,217,1782
3382,30,1782
3383,15,1783
3384,28,1783
3385,84,1783
3386,221,1784
3387,144,1785
3388,1,1786
3389,26,1786
3390,142,1787
3391,97,1788
3392,205,1788
3393,137,1789
3394,26,1790
3395,28,1790
3396,145,1791
3397,137,1792
3398,130,1792
3399,129,1793
3400,137,1793
3401,13,1794
3402,14,1795
3403,232,1796
3404,235,1796
3405,92,1797
3406,10,1798
3407,3,1799
3408,14,1800
3409,150,1801
3410,239,1801
3411,5,1802
3412,4,1802
3413,221,1803
3414,30,1803
3415,28,1803
3416,123,1803
3417,42,1091
3418,150,1804
3419,18,1804
3420,120,1804
3421,6,1804
3422,150,1805
3423,143,1805
3424,86,1805
3425,6,1805
3426,150,1806
3427,69,1806
3428,119,1806
3429,123,1806
3430,137,1807
3431,31,1807
3432,150,1808
3433,97,1809
3434,137,1809
3435,205,1809
3436,35,1809
3437,36,1809
3438,185,1809
3440,150,1810
3441,113,1810
3442,1,1810
3443,234,1811
3444,6,1811
3445,97,1811
3446,223,1811
3447,123,1812
3448,185,1812
3449,36,1812
3450,32,1812
3451,34,1812
3452,42,1812
3453,63,1812
3454,30,1812
3455,35,1812
3456,221,1812
3457,87,1812
3458,98,1813
3459,34,1813
3460,35,1813
3461,221,1813
3462,30,1813
3463,28,1813
3464,217,1814
3465,236,1815
3466,205,1816
3467,136,1817
3468,137,1817
3469,192,1817
3470,150,1818
3471,239,1818
3472,75,1819
3473,132,1820
3474,123,1820
3475,131,1820
3476,124,1820
3477,183,1820
3478,42,1820
3479,211,1821
3480,6,1822
3481,210,1822
3482,153,1822
3483,119,1822
3484,6,1823
3485,129,1823
3486,153,1823
3487,107,1823
3488,26,1824
3489,2,1824
3490,13,1825
3491,61,1825
3492,13,1826
3493,6,1826
3494,212,1826
3495,61,1827
3496,17,1828
3497,6,1828
3498,3,1829
3499,244,1830
3500,244,1831
3501,244,1832
3502,244,1833
3503,244,1834
3504,244,1835
3505,245,1836
3506,246,1837
3507,247,1838
3508,9,1838
3509,6,1838
3510,61,1838
3511,248,1839
3512,249,1840
3513,250,1840
3514,6,1840
3515,226,1840
3516,251,1841
3517,252,1842
3518,253,1582
3519,254,1843
3520,254,1844
3521,255,1845
3522,256,1846
3523,150,1846
3524,256,1300
3525,256,1847
3526,257,1848
3527,221,1849
3528,129,1849
3529,258,1850
3530,138,1850
3531,150,1850
3532,28,1850
3533,259,1851
3534,17,1851
3535,259,1852
3536,17,1852
3537,169,1852
3538,259,1853
3539,17,1853
3540,260,1854
3541,261,1855
3542,149,1855
3543,28,1855
3544,1,1855
3545,26,1855
3546,73,1855
3547,84,1855
3548,92,1855
3549,126,1855
3550,11,1856
3551,126,1856
3552,28,1856
3553,1,1856
3554,26,1856
3555,30,1856
3556,73,1856
3557,112,1856
3558,11,1857
3559,11,1858
3560,6,1837
3561,168,1837
3562,247,1837
3563,28,1837
3564,247,1859
3565,247,1860
3566,9,1860
3567,247,1862
3568,247,1863
3569,6,1863
3570,231,1864
3571,252,1841
3572,252,1865
3573,252,1866
3574,251,1866
3575,39,1866
3576,251,1867
3577,251,1868
3578,252,1867
3579,252,1868
3580,248,1869
3581,250,1870
3582,251,1871
3583,252,1872
3584,252,1873
3585,252,1874
3586,252,1875
3587,253,1876
3588,254,1877
3589,29,1877
3590,254,1878
3591,254,1879
3592,29,1879
3593,256,1880
3594,256,841
3595,256,1881
3596,256,1882
3597,256,839
3598,256,1883
3599,256,1884
3600,258,1796
3601,258,1454
3602,258,1450
3603,259,1885
3604,259,1886
3605,259,1887
3606,258,1888
3607,235,1888
3608,260,1889
3609,260,1890
3610,261,1891
3611,261,1861
3612,261,733
3613,261,732
3614,261,1540
3615,21,1892
3616,23,1892
3617,26,1892
3618,28,1892
3619,167,1892
3620,254,1893
3621,28,1893
3622,169,1851
3623,150,1894
3624,234,1894
3625,239,1895
3626,13,1896
3627,150,1896
3628,150,1897
3629,129,1897
3630,256,1897
3631,144,1897
3632,86,1897
3633,20,1897
3634,82,1897
3635,143,1897
3636,219,1897
3637,150,1898
3638,233,1899
3639,217,1899
3640,30,1899
3641,221,1899
3642,239,1900
3643,6,1900
3644,33,1901
3645,150,1901
3646,30,1901
3647,28,1902
3648,119,1902
3649,69,1902
3650,6,1902
3651,98,1903
3652,6,1903
3653,14,1904
3654,63,1905
3655,36,1905
3656,185,1905
3657,112,1906
3658,117,1906
3659,11,1907
3660,15,1908
3661,28,1908
3662,124,1909
3663,42,1910
3664,256,1910
3665,33,1911
3666,217,1911
3667,33,1912
3668,22,1912
3669,217,1912
3670,215,1912
3671,218,1912
3672,226,1913
3673,197,1913
3674,65,1914
3675,221,1914
3676,77,1914
3677,94,1914
3678,64,1914
3679,125,1915
3680,38,1915
3681,6,1915
3682,14,1916
3683,226,1917
3684,6,1917
3685,106,1918
3686,86,1918
3687,34,1919
3688,129,1919
3689,16,1920
3690,150,1921
3691,6,1921
3692,256,1921
3693,150,1922
3694,34,1922
3695,38,1922
3696,175,1922
3697,9,1563
3698,32,1924
3699,34,1924
3700,30,1924
3701,223,1925
3702,17,1925
3703,28,1926
3704,61,1926
3705,170,1926
3706,119,1927
3707,55,1928
3708,30,1928
3709,39,1929
3710,226,1929
3711,120,1929
3712,6,1929
3713,150,1930
3714,107,1930
3715,123,1930
3716,124,1930
3717,16,1931
3718,132,1113
3719,6,1933
3720,92,1934
3721,126,1934
3722,26,1934
3723,28,1934
3724,150,1935
3725,150,1936
3726,110,1936
3727,123,1937
3728,124,1937
3729,17,1938
3730,129,1939
3731,129,1940
3732,130,1940
3733,107,1941
3734,234,1942
3735,251,1798
3736,252,1798
3737,160,1058
3738,163,1058
3739,163,1944
3740,168,1944
3741,172,1944
3742,137,1944
3743,205,1944
3744,226,1945
3745,234,1946
3746,6,1946
3747,226,1947
3748,226,1948
3749,15,239
3750,42,239
3751,123,239
3752,257,1532
3753,15,187
3754,10,1155
3755,182,1943
3756,235,1932
3757,28,993
3758,73,993
3759,28,1226
3760,73,1226
3761,30,1226
3762,28,1923
3763,28,279
3766,8,1949
3767,8,1950
3768,14,1950
3769,14,1951
3770,5,1952
3771,5,144
3772,6,1953
3773,221,1953
3774,123,1954
3775,143,1955
3776,61,1956
3777,205,1957
3778,137,1957
3779,137,1958
3780,16,1959
3781,15,1960
3782,22,1961
3783,149,1962
3784,9,1963
3785,107,1964
3786,129,1965
3787,239,1966
3788,150,1967
3789,150,1968
3790,150,1969
3791,150,1970
3792,125,1970
3793,123,1967
3794,28,1971
3795,124,1972
3796,188,1973
3797,188,1974
3798,226,1974
3799,13,1975
3800,168,1976
3801,254,1977
3802,160,1978
3803,226,1979
3804,197,1979
3805,43,1980
3806,232,1981
3807,235,1982
3808,123,1983
3809,124,1984
3810,124,1985
3811,124,1986
3812,123,1987
3813,123,1988
3814,22,1989
3815,150,1989
3816,150,1990
3817,150,1991
3818,16,1992
3819,247,1993
3820,226,1994
3821,188,1994
3822,188,1993
3823,188,1995
3824,32,1996
3825,32,1997
3826,60,1998
3827,150,1999
3828,252,1999
3829,252,2000
3830,252,1998
3831,252,2001
3832,251,2001
3833,251,1999
3834,251,2000
3835,251,1998
3836,150,2001
3837,138,2002
3838,220,2003
3839,220,2004
3840,14,2005
3841,14,2006
3842,3,2007
3843,3,2008
3844,3,2009
3845,3,2010
3846,3,2011
3847,239,2012
3848,239,2013
3849,239,2014
3850,239,2015
3851,239,2016
3852,239,2017
3853,239,2018
3854,239,2019
3855,65,2019
3856,60,2015
3857,86,2014
3858,143,2014
3859,143,2013
3860,150,2020
3861,150,2021
3862,150,2022
3863,150,2023
3864,150,2024
3865,150,2025
3866,150,2026
3867,150,2027
3868,150,2028
3869,221,2029
3870,221,2030
3871,221,2031
3872,221,2032
3873,221,2033
3874,61,2034
3875,211,2034
3876,1,2035
3877,1,2037
3878,1,2038
3879,5,2037
3880,222,2036
3881,242,2039
3882,29,2040
3883,15,2041
3884,28,2042
3885,28,2043
3886,28,2044
3887,28,2045
3888,28,2046
3889,30,2046
3890,28,2047
3891,254,2047
3892,28,2048
3893,259,2048
3894,259,2049
3895,17,2048
3896,17,2049
3897,17,2050
3898,17,2051
3899,13,2052
3900,13,2053
3901,13,2054
3902,17,2053
3903,116,2054
3904,116,2055
3905,116,2056
3906,247,2056
3907,105,2057
3908,8,2058
3909,8,2059
3910,8,2060
3911,8,2061
3912,8,2062
3913,8,2063
3914,7,2064
3915,7,2058
3916,6,2060
3917,226,2060
3918,6,2061
3919,256,2061
3920,65,2063
3921,65,2065
3922,65,2066
3923,112,2067
3924,112,2068
3925,117,2068
3928,88,2070
3927,218,2069
3929,88,2071
3930,151,2071
3931,151,2070
3932,151,2072
3933,207,2072
3934,14,2073
3935,94,2074
3936,150,2074
3937,205,2074
3938,5,2075
3939,60,2076
3940,60,2077
3941,60,2078
3942,212,2078
3943,9,2079
3944,9,2080
3945,129,2081
3946,129,2082
3947,129,2083
3948,129,2084
3949,153,2081
3950,153,2085
3951,256,2086
3952,132,2087
3953,233,2088
3954,14,2088
3955,204,2089
3956,204,2090
3957,204,2091
3958,204,2092
3959,236,2089
3960,35,2093
3961,231,2094
3962,231,2095
3963,6,2095
3964,6,2094
3965,6,2096
3966,6,2097
3967,14,2098
3968,233,2098
3969,191,2099
3970,207,2099
3971,107,2100
3972,168,2101
3973,89,2102
3974,226,2103
3975,226,2104
3976,226,2105
3977,6,2103
3978,178,2106
3979,235,2107
3980,235,2108
3981,232,2108
3982,232,2107
3983,192,2109
3984,9,2110
3985,149,2111
3986,261,2111
3987,142,2112
3988,5,2113
3989,224,2114
3990,82,2115
3991,20,2115
3992,219,2115
3993,220,2116
3994,150,2117
3995,26,2118
3996,28,2118
3997,15,2119
3998,252,2120
3999,251,2120
4000,150,2120
4001,150,2121
4002,8,2121
4003,8,2122
4004,8,2123
4005,8,2124
4006,14,2123
4007,6,2123
4008,46,2124
4009,102,2125
4010,176,2126
4011,252,2134
4012,98,2135
4013,45,2137
4014,45,2136
4015,138,2138
4016,129,1561
4017,129,1350
4018,129,2139
4019,129,2140
4020,262,2127
4021,262,2128
4022,262,2129
4023,262,2130
4024,262,2131
4025,262,2132
4026,262,2133
4027,263,2141
4028,263,2142
4029,263,2143
4030,263,2144
4031,263,2145
4032,263,2146
4033,263,2147
4034,264,2148
4035,264,2149
4036,264,2150
4037,264,2151
4038,264,2152
4039,265,2153
4040,265,2154
4041,266,2155
4042,266,2156
4043,266,2157
4044,267,2158
4045,267,2159
4046,267,2160
4047,267,2161
4048,267,2162
4049,268,2163
4050,268,2164
4051,268,2165
4052,268,2166
4053,268,2167
4054,268,2168
4055,269,2169
4056,269,2170
4057,269,2171
4058,270,2172
4059,270,2173
4060,270,2174
4061,271,2175
4062,271,2176
4063,271,2177
4064,271,2178
4065,271,2179
4066,271,2180
4067,271,2181
4070,273,2184
4071,273,2185
4072,274,37
4073,274,2186
4074,274,2187
4075,274,2188
4076,274,2189
4077,274,2190
4078,274,2191
4079,275,2192
4080,275,2193
4081,275,2194
4082,275,2195
4083,276,2196
4084,277,2197
4085,14,2197
4086,278,2198
4087,278,2199
4088,278,2200
4089,279,2201
4090,280,2202
4091,281,2203
4092,281,2204
4093,281,2205
4094,282,2206
4095,282,2207
4096,282,2208
4097,282,2209
4098,283,2210
4099,283,2211
4100,283,2212
4101,283,2213
4102,283,2214
4103,283,2215
4104,283,2216
4105,284,2217
4106,284,2218
4107,284,2219
4108,284,2220
4109,284,2221
4110,284,2222
4111,284,2223
4112,285,363
4113,285,2224
4114,285,2225
4115,285,2226
4116,286,2227
4117,287,2228
4118,288,2229
4119,288,2230
4120,55,2033
4121,43,2033
4122,82,2013
4123,20,2013
4124,35,2124
4127,263,2231
4126,175,2124