"hagr_id","year","pubmed","gene_symbol"
1,"2004","15574588","aak-2"
2,"2007","17608836","aat-8"
12,"2007","17608836","amt-2"
20,"2007","17608836","asm-3"
37,"2007","17608836","B0546.3 (Caenorhabditis elegans)"
74,"2007","17608836","C33A12.1 (Caenorhabditis elegans)"
80,"2007","17608836","scl-8"
82,"2007","17608836","ttr-5"
83,"2007","17608836","C42C1.3 (Caenorhabditis elegans)"
84,"2007","17608836","C46G7.2 (Caenorhabditis elegans)"
85,"2007","17608836","C47E12.2 (Caenorhabditis elegans)"
147,"2007","17608836","cyp-33E2"
199,"2007","17608836","cyc-2.1"
219,"2007","17608836","elt-6"
220,"2007","17608836","epc-1"
225,"2007","17608836","qars-1"
226,"2007","17608836","F01G10.1 (Caenorhabditis elegans)"
227,"2007","17608836","F08B4.7 (Caenorhabditis elegans)"
230,"2007","17608836","F09G8.3 (Caenorhabditis elegans)"
231,"2007","17608836","F13B6.1 (Caenorhabditis elegans)"
236,"2007","17608836","F21D5.8 (Caenorhabditis elegans)"
245,"2007","17608836","F29C4.2 (Caenorhabditis elegans)"
248,"2007","17608836","F33D4.5 (Caenorhabditis elegans)"
253,"2007","17608836","cutl-28"
254,"2007","17608836","F42A6.1 (Caenorhabditis elegans)"
259,"2007","17608836","F49C12.9 (Caenorhabditis elegans)"
268,"2007","17608836","F56D5.5 (Caenorhabditis elegans)"
298,"2007","17608836","acdh-13"
323,"2007","17608836","grl-19"
333,"2007","17608836","hhat-2"
373,"2007","17608836","inx-8"
384,"2007","17608836","K07H8.8 (Caenorhabditis elegans)"
392,"2007","17608836","K12H4.5 (Caenorhabditis elegans)"
410,"2007","17608836","LLC1.3 (Caenorhabditis elegans)"
440,"2007","17608836","mars-1"
507,"2007","17608836","pod-1"
521,"2007","17608836","R10H10.7 (Caenorhabditis elegans)"
534,"2007","17608836","ral-1"
565,"2007","17608836","rps-23"
568,"2007","17608836","rps-5"
636,"2007","17608836","T05A1.5"
641,"2007","17608836","T20H4.5 (Caenorhabditis elegans)"
645,"2007","17608836","T22B11.5 (Caenorhabditis elegans)"
649,"2007","17608836","T28A8.6 (Caenorhabditis elegans)"
650,"2007","17608836","T28D6.4 (Caenorhabditis elegans)"
651,"2007","17608836","tag-174"
654,"2007","17608836","tag-224"
661,"2007","17608836","ant-1.1"
662,"2007","17608836","nduf-2.2"
665,"2007","17608836","tba-7"
685,"2007","17608836","tufm-1"
692,"2007","17608836","ucr-1"
718,"2007","17608836","W03G1.5 (Caenorhabditis elegans)"
725,"2007","17608836","W09D10.3 (Caenorhabditis elegans)"
735,"2007","17608836","Y37D8A.18 (Caenorhabditis elegans)"
742,"2007","17608836","Y43F4B.7 (Caenorhabditis elegans)"
761,"2007","17608836","fbxa-220"
762,"2007","17608836","Y69A2AR.19 (Caenorhabditis elegans)"
767,"2007","17608836","acs-14"
773,"2007","17608836","yars-1"
782,"2007","17608836","ZK809.3 (Caenorhabditis elegans)"
1145,"2007","17608836","inx-9"
1156,"2007","17608836","nuo-3"
1158,"2007","17608836","nuo-4"
1162,"2007","17608836","pat-4"
1173,"2007","17608836","spe-26"
1185,"2007","17608836","Y56A3A.19 (Caenorhabditis elegans)"
3,"2005","16256736","abu-11"
4,"2003","12447374","acl-11"
33,"2003","12447374","B0261.4 (Caenorhabditis elegans)"
94,"2003","12447374","cchl-1"
95,"2003","12447374","cco-1"
153,"2003","12447374","D2030.4 (Caenorhabditis elegans)"
232,"2003","12447374","F13G3.7 (Caenorhabditis elegans)"
242,"2003","12447374","F26E4.6 (Caenorhabditis elegans)"
243,"2003","12447374","F28B3.5 (Caenorhabditis elegans)"
250,"2003","12447374","F35D2.3 (Caenorhabditis elegans)"
269,"2003","12447374","F57B10.3 (Caenorhabditis elegans)"
381,"2003","12447374","K01C8.7 (Caenorhabditis elegans)"
414,"2003","12447374","lars-2"
439,"2003","12447374","mrp-5"
506,"2003","12447374","pnk-1"
634,"2003","12447374","T02H6.11 (Caenorhabditis elegans)"
724,"2003","12447374","W09C5.8 (Caenorhabditis elegans)"
5,"2005","15998808","aco-2"
10,"2005","15998808","akt-1"
18,"2005","15998808","asg-1"
58,"2005","15998808","ubh-4"
59,"2005","15998808","C09B7.2"
62,"2005","15998808","C18E9.10 (Caenorhabditis elegans)"
63,"2005","15998808","C18E9.4 (Caenorhabditis elegans)"
67,"2005","15998808","C27B7.7 (Caenorhabditis elegans)"
73,"2005","15998808","C32H11.5 (Caenorhabditis elegans)"
75,"2005","15998808","C33F10.12 (Caenorhabditis elegans)"
77,"2005","15998808","C35A11.3 (Caenorhabditis elegans)"
78,"2005","15998808","C36H8.1 (Caenorhabditis elegans)"
79,"2005","15998808","scl-4"
81,"2005","15998808","C39F7.2 (Caenorhabditis elegans)"
113,"2005","15998808","ceh-18 (Caenorhabditis elegans)"
135,"2005","15998808","col-93"
144,"2005","15998808","cwp-4"
151,"2005","15998808","D1054.8"
171,"2005","15998808","ddl-1"
195,"2005","15998808","drr-1 (Caenorhabditis elegans)"
196,"2005","15998808","drr-2 (Caenorhabditis elegans)"
198,"2005","15998808","E03H12.5 (Caenorhabditis elegans)"
211,"2005","15998808","egl-3"
228,"2005","15998808","clec-227"
229,"2005","15998808","F09F7.5 (Caenorhabditis elegans)"
234,"2005","15998808","set-9"
237,"2005","15998808","F21H12.1 (Caenorhabditis elegans)"
252,"2005","15998808","F40F8.5 (Caenorhabditis elegans)"
258,"2005","15998808","F43G9.1 (Caenorhabditis elegans)"
260,"2005","15998808","F49F1.12 (Caenorhabditis elegans)"
263,"2005","15998808","F55B11.1 (Caenorhabditis elegans)"
264,"2005","15998808","F55B11.3 (Caenorhabditis elegans)"
265,"2005","15998808","F55B11.5 (Caenorhabditis elegans)"
273,"2005","15998808","F59B8.2 (Caenorhabditis elegans)"
328,"2005","15998808","H06H21.8 (Caenorhabditis elegans)"
359,"2005","15998808","iff-1"
372,"2005","15998808","inx-14"
383,"2005","15998808","K07H8.1 (Caenorhabditis elegans)"
385,"2005","15998808","scrm-8"
386,"2005","15998808","K08E3.5 (Caenorhabditis elegans)"
387,"2005","15998808","K10B4.3 (Caenorhabditis elegans)"
388,"2005","15998808","pup-2"
422,"2005","15998808","max-1"
451,"2005","15998808","nas-38"
458,"2005","15998808","nhr-14"
459,"2005","15998808","nhr-154"
474,"2005","15998808","nuo-2"
476,"2005","15998808","nuo-4"
477,"2005","15998808","nuo-5"
498,"2005","15998808","pfn-2"
519,"2005","15998808","R05A10.5 (Caenorhabditis elegans)"
520,"2005","15998808","R08E3.3 (Caenorhabditis elegans)"
523,"2005","15998808","set-15"
549,"2005","15998808","rnf-5"
622,"2005","15998808","spt-4"
623,"2005","15998808","sru-17"
624,"2005","15998808","srw-100"
625,"2005","15998808","srw-20"
626,"2005","15998808","srw-99"
637,"2005","15998808","T06G6.4 (Caenorhabditis elegans)"
638,"2005","15998808","T07A9.8 (Caenorhabditis elegans)"
639,"2005","15998808","T09A5.8 (Caenorhabditis elegans)"
660,"2005","15998808","tag-60"
707,"2005","15998808","unc-83"
726,"2005","15998808","W09H1.5 (Caenorhabditis elegans)"
734,"2005","15998808","Y37D8A.12 (Caenorhabditis elegans)"
738,"2005","15998808","Y39F10C.1 (Caenorhabditis elegans)"
743,"2005","15998808","Y43F8B.12 (Caenorhabditis elegans)"
744,"2005","15998808","Y43H11AL.2 (Caenorhabditis elegans)"
746,"2005","15998808","Y46H3C.6 (Caenorhabditis elegans)"
751,"2005","15998808","Y53F4B.23 (Caenorhabditis elegans)"
756,"2005","15998808","Y56A3A.9 (Caenorhabditis elegans)"
765,"2005","15998808","Y75B8A.13 (Caenorhabditis elegans)"
766,"2005","15998808","Y75B8A.33 (Caenorhabditis elegans)"
780,"2005","15998808","sid-2"
783,"2005","15998808","clec-186"
1077,"2005","15998808","age-1"
1087,"2005","15998808","B0261.4 (Caenorhabditis elegans)"
1096,"2005","15998808","cco-1"
1106,"2005","15998808","D2030.4 (Caenorhabditis elegans)"
1125,"2005","15998808","F26E4.6 (Caenorhabditis elegans)"
1128,"2005","15998808","F57B10.3 (Caenorhabditis elegans)"
1176,"2005","15998808","T20H4.5 (Caenorhabditis elegans)"
1182,"2005","15998808","W09C5.8 (Caenorhabditis elegans)"
6,"2007","17662940","Adcy5"
394,"2007","17662940","KSS1 (Saccharomyces cerevisiae)"
7,"1988","8608934","age-1"
8,"2006","16418483","AGP1"
305,"2006","16418483","GLN3 (Saccharomyces cerevisiae)"
418,"2006","16418483","LYS12"
429,"2006","16418483","MEP2 (Saccharomyces cerevisiae)"
430,"2006","16418483","MEP3 (Saccharomyces cerevisiae)"
9,"2007","18006689","ain-1"
11,"2007","18006689","alg-2"
14,"2007","18006689","arl-8"
16,"2007","18006689","arx-4"
34,"2007","18006689","B0395.2 (Caenorhabditis elegans)"
38,"2007","18006689","baf-1"
43,"2007","18006689","BE10.2 (Caenorhabditis elegans)"
45,"2007","18006689","blmp-1"
53,"2007","18006689","C01F1.1 (Caenorhabditis elegans)"
56,"2007","18006689","C06A5.1 (Caenorhabditis elegans)"
57,"2007","18006689","C07A9.2 (Caenorhabditis elegans)"
60,"2007","18006689","C11H1.3 (Caenorhabditis elegans)"
61,"2007","18006689","C14A4.9 (Caenorhabditis elegans)"
64,"2007","18006689","C25H3.6 (Caenorhabditis elegans)"
66,"2007","18006689","C26B9.3 (Caenorhabditis elegans)"
68,"2007","18006689","C27F2.5 (Caenorhabditis elegans)"
69,"2007","18006689","C29F9.1 (Caenorhabditis elegans)"
70,"2007","18006689","C29F9.2 (Caenorhabditis elegans)"
71,"2007","18006689","tbc-7"
76,"2007","18006689","C33H5.18 (Caenorhabditis elegans)"
88,"2007","18006689","calu-1"
97,"2007","18006689","ccr-4"
102,"2007","18006689","vps-37"
107,"2007","18006689","cdk-7"
115,"2007","18006689","cel-1"
127,"2007","18006689","cit-1.2"
142,"2007","18006689","cua-1"
148,"2007","18006689","cyp-42A1"
152,"2007","18006689","D1069.3"
215,"2007","18006689","lin-40"
218,"2007","18006689","elo-5"
244,"2007","18006689","F28D1.9 (Caenorhabditis elegans)"
246,"2007","18006689","F30A10.10 (Caenorhabditis elegans)"
247,"2007","18006689","F30A10.6 (Caenorhabditis elegans)"
249,"2007","18006689","F33H2.8 (Caenorhabditis elegans)"
251,"2007","18006689","F37C4.4 (Caenorhabditis elegans)"
256,"2007","18006689","F43D2.1 (Caenorhabditis elegans)"
261,"2007","18006689","F52C6.2 (Caenorhabditis elegans)"
266,"2007","18006689","F55B12.4 (Caenorhabditis elegans)"
296,"2007","18006689","gdi-1"
304,"2007","18006689","glf-1"
334,"2007","18006689","his-71"
336,"2007","18006689","hpk-1"
391,"2007","18006689","K11D12.9 (Caenorhabditis elegans)"
405,"2007","18006689","let-653"
415,"2007","18006689","lsm-7"
419,"2007","18006689","M05B5.2 (Caenorhabditis elegans)"
420,"2007","18006689","M57.2 (Caenorhabditis elegans)"
421,"2007","18006689","mag-1"
425,"2007","18006689","mdh-1"
428,"2007","18006689","mep-1"
446,"2007","18006689","mxl-2"
465,"2007","18006689","npp-2"
466,"2007","18006689","npp-3"
470,"2007","18006689","let-765"
471,"2007","18006689","ntl-3"
517,"2007","18006689","ptr-23"
524,"2007","18006689","R12B2.6 (Caenorhabditis elegans)"
526,"2007","18006689","rab-7"
575,"2007","18006689","rsr-2"
612,"2007","18006689","smn-1"
621,"2007","18006689","spl-1"
640,"2007","18006689","T19B10.2 (Caenorhabditis elegans)"
644,"2007","18006689","T22B11.2 (Caenorhabditis elegans)"
647,"2007","18006689","T27F7.1 (Caenorhabditis elegans)"
655,"2007","18006689","bus-8"
658,"2007","18006689","vps-36"
659,"2007","18006689","bet-1"
670,"2007","18006689","tlf-1"
671,"2007","18006689","top-1"
687,"2007","18006689","ubc-13"
693,"2007","18006689","ufd-1"
694,"2007","18006689","ulp-1"
703,"2007","18006689","unc-60"
714,"2007","18006689","vps-16"
715,"2007","18006689","vps-33.1"
716,"2007","18006689","vrk-1"
719,"2007","18006689","W04G3.2 (Caenorhabditis elegans)"
721,"2007","18006689","sbds-1"
727,"2007","18006689","wip-1"
728,"2007","18006689","wwp-1"
741,"2007","18006689","Y42G9A.4"
749,"2007","18006689","Y47G6A.18 (Caenorhabditis elegans)"
754,"2007","18006689","Y55F3AM.3 (Caenorhabditis elegans)"
758,"2007","18006689","Y59A8B.2 (Caenorhabditis elegans)"
759,"2007","18006689","Y65B4A.3 (Caenorhabditis elegans)"
768,"2007","18006689","Y77E11A.7"
775,"2007","18006689","ZC250.3 (Caenorhabditis elegans)"
885,"2007","18006689","aps-3"
900,"2007","18006689","sams-3"
914,"2007","18006689","eak-7"
919,"2007","18006689","eri-1"
923,"2007","18006689","F11G11.13"
927,"2007","18006689","F22D3.5"
930,"2007","18006689","F29C4.7"
931,"2007","18006689","F36A2.7"
953,"2007","18006689","lin-15b"
955,"2007","18006689","lys-10"
971,"2007","18006689","R12E2.2"
979,"2007","18006689","sma-10"
985,"2007","18006689","srt-56"
996,"2007","18006689","W03G1.8"
999,"2007","18006689","Y39B6A.3"
1015,"2007","18006689","F40F12.7 (Caenorhabditis elegans)"
1074,"2007","18006689","aak-2"
1088,"2007","18006689","B0491.5 (Caenorhabditis elegans)"
1098,"2007","18006689","cco-1"
1109,"2007","18006689","daf-16"
1130,"2007","18006689","F59C6.5 (Caenorhabditis elegans)"
1135,"2007","18006689","hsf-1"
1151,"2007","18006689","lmn-1"
1152,"2007","18006689","mcm-2"
1163,"2007","18006689","pat-6"
1165,"2007","18006689","pnk-1"
1171,"2007","18006689","smk-1"
1183,"2007","18006689","W09C5.8 (Caenorhabditis elegans)"
13,"2007","17227869","Arhgap1"
15,"2006","16847346","Arntl"
17,"2005","16103914","asb-2"
26,"2005","16103914","atp-3"
27,"2005","16103914","atp-4"
28,"2005","16103914","atp-5"
55,"2005","16103914","C01F6.1 (Caenorhabditis elegans)"
96,"2005","16103914","cco-2"
145,"2005","16103914","cyc-1"
172,"2005","16103914","ddl-2"
173,"2005","16103914","ddl-3"
200,"2005","16103914","maoc-1"
294,"2005","16103914","gcy-28"
320,"2005","16103914","gpi-1"
475,"2005","16103914","nuo-3"
491,"2005","16103914","pat-4"
492,"2005","16103914","pat-6"
541,"2005","16103914","rha-2"
545,"2005","16103914","ril-1"
546,"2005","16103914","ril-2"
580,"2005","16103914","sams-1"
598,"2005","16103914","sinh-1"
646,"2005","16103914","rab-10"
683,"2005","16103914","ttr-1"
740,"2005","16103914","Y39H10A.6 (Caenorhabditis elegans)"
753,"2005","16103914","Y54E5A.7 (Caenorhabditis elegans)"
763,"2005","16103914","Y71G12B.4 (Caenorhabditis elegans)"
764,"2005","16103914","Y71H2AR.2 (Caenorhabditis elegans)"
1095,"2005","16103914","cchl-1"
1097,"2005","16103914","cco-1"
1113,"2005","16103914","daf-2"
19,"2001","11410594","asg-2"
473,"2001","11410594","nuo-1"
1084,"2001","11410594","atp-2"
21,"2007","18056421","Atg7"
22,"2008","18059160","Atg8a"
831,"2008","18059160","Atg2"
848,"2008","18059160","GstS1"
850,"2008","18059160","Hsc70-3"
23,"2007","17912023","atg-7"
1118,"2007","17912023","daf-9"
24,"2003","12540856","Atm"
25,"2002","12471266","atp-2"
29,"2002","12242224","ATP2"
30,"2007","18371340","Atr"
31,"2005","16324156","trx-1"
32,"2003","14668850","let-363"
35,"2007","17521386","B0491.5 (Caenorhabditis elegans)"
54,"2007","17521386","C01F1.2 (Caenorhabditis elegans)"
86,"2007","17521386","C48E7.2 (Caenorhabditis elegans)"
155,"2007","17521386","D2085.3 (Caenorhabditis elegans)"
233,"2007","17521386","F14B4.3 (Caenorhabditis elegans)"
241,"2007","17521386","F26E4.4 (Caenorhabditis elegans)"
271,"2007","17521386","F59A3.3 (Caenorhabditis elegans)"
274,"2007","17521386","exos-3"
380,"2007","17521386","K01C8.6 (Caenorhabditis elegans)"
390,"2007","17521386","K11B4.1 (Caenorhabditis elegans)"
413,"2007","17521386","lpd-5"
468,"2007","17521386","nars-1"
525,"2007","17521386","R53.4 (Caenorhabditis elegans)"
652,"2007","17521386","abcx-1"
656,"2007","17521386","tag-264"
679,"2007","17521386","tars-1"
717,"2007","17521386","nol-5"
739,"2007","17521386","Y39G10AR.8 (Caenorhabditis elegans)"
750,"2007","17521386","Y48G1A.4 (Caenorhabditis elegans)"
1085,"2007","17521386","atp-3"
1122,"2007","17521386","eif-3.F"
1129,"2007","17521386","F59C6.5 (Caenorhabditis elegans)"
1166,"2007","17521386","rpl-19"
36,"2007","17411345","B0511.6 (Caenorhabditis elegans)"
87,"2007","17411345","C56G2.1 (Caenorhabditis elegans)"
99,"2007","17411345","cct-4"
100,"2007","17411345","cct-6"
112,"2007","17411345","ced-3"
138,"2007","17411345","crn-5"
150,"2007","17411345","D1054.14 (Caenorhabditis elegans)"
154,"2007","17411345","wdr-23"
175,"2007","17411345","dic-1"
213,"2007","17411345","egl-45"
216,"2007","17411345","eif-3.B"
217,"2007","17411345","eif-3.F"
223,"2007","17411345","erm-1"
224,"2007","17411345","ero-1"
235,"2007","17411345","F19B6.1 (Caenorhabditis elegans)"
239,"2007","17411345","F25G6.2 (Caenorhabditis elegans)"
240,"2007","17411345","F26A3.4 (Caenorhabditis elegans)"
257,"2007","17411345","F43E2.7 (Caenorhabditis elegans)"
262,"2007","17411345","F53F4.11 (Caenorhabditis elegans)"
275,"2007","17411345","F59C6.5 (Caenorhabditis elegans)"
297,"2007","17411345","gei-15"
329,"2007","17411345","H28O16.1 (Caenorhabditis elegans)"
338,"2007","17411345","hrp-1"
352,"2007","17411345","htp-3"
360,"2007","17411345","ifg-1"
365,"2007","17411345","inf-1"
374,"2007","17411345","inx-9"
423,"2007","17411345","mcm-2"
464,"2007","17411345","npa-1"
509,"2007","17411345","pos-1"
516,"2007","17411345","prx-5"
562,"2007","17411345","rps-11"
567,"2007","17411345","rps-3"
570,"2007","17411345","rps-8"
581,"2007","17411345","sas-5"
591,"2007","17411345","sel-5"
592,"2007","17411345","sem-5"
642,"2007","17411345","T21B10.1 (Caenorhabditis elegans)"
648,"2007","17411345","T27F7.3 (Caenorhabditis elegans)"
653,"2007","17411345","wts-1"
657,"2007","17411345","tag-300"
675,"2007","17411345","tpa-1"
702,"2007","17411345","unc-52"
704,"2007","17411345","unc-62"
710,"2007","17411345","vha-6"
722,"2007","17411345","nol-1"
732,"2007","17411345","Y105C5B.12 (Caenorhabditis elegans)"
748,"2007","17411345","spg-7"
752,"2007","17411345","Y54E10BR.4 (Caenorhabditis elegans)"
755,"2007","17411345","Y56A3A.19 (Caenorhabditis elegans)"
760,"2007","17411345","Y65B4BR.5 (Caenorhabditis elegans)"
774,"2007","17411345","ZC132.3 (Caenorhabditis elegans)"
778,"2007","17411345","ZK1127.5 (Caenorhabditis elegans)"
781,"2007","17411345","ZK686.2 (Caenorhabditis elegans)"
1083,"2007","17411345","atp-2"
1086,"2007","17411345","atp-3"
1112,"2007","17411345","daf-2"
1124,"2007","17411345","F26E4.6 (Caenorhabditis elegans)"
1133,"2007","17411345","glp-1"
1154,"2007","17411345","nuo-1"
1161,"2007","17411345","pat-4"
1175,"2007","17411345","T07A9.8 (Caenorhabditis elegans)"
39,"2005","15905404","bar-1"
40,"2007","17360389","bax"
41,"2003","12598614","bchs"
42,"1994","8195187","BCY1"
395,"1994","8195187","LAG1"
44,"2003","12958363","bec-1"
46,"2006","16387864","Bmcp"
47,"2007","17900898","bra-1"
156,"2007","17900898","daf-1"
158,"2007","17900898","daf-14"
164,"2007","17900898","daf-3"
165,"2007","17900898","daf-4"
166,"2007","17900898","daf-5"
168,"2007","17900898","daf-7"
169,"2007","17900898","daf-8"
48,"2003","12533509","Brca1"
1044,"2003","12533509","Trp53"
49,"2005","16293764","BRE5 (Saccharomyces cerevisiae)"
356,"2005","16293764","IDH2"
540,"2005","16293764","REI1"
550,"2005","16293764","ROM2"
558,"2005","16293764","RPL31A (Saccharomyces cerevisiae)"
573,"2005","16293764","RPS6B (Saccharomyces cerevisiae)"
674,"2005","16293764","TOR1"
708,"2005","16293764","URE2 (Saccharomyces cerevisiae)"
769,"2005","16293764","YBR238C (Saccharomyces cerevisiae)"
770,"2005","16293764","MTC4 (Saccharomyces cerevisiae)"
1749,"2005","16293764","BAS1"
1805,"2005","16293764","INM1"
1806,"2005","16293764","IPK1"
1807,"2005","16293764","LIN1"
1808,"2005","16293764","LYS9"
1809,"2005","16293764","VBA5"
1810,"2005","16293764","VHS1"
1811,"2005","16293764","CRC1"
1812,"2005","16293764","OM45"
1881,"2005","16293764","INP53"
1910,"2005","16293764","NMD4"
1911,"2005","16293764","NMD4"
1978,"2005","16293764","PIB1"
2130,"2005","16293764","FOB1 (Saccharomyces cerevisiae)"
2131,"2005","16293764","LYS12"
50,"2004","15208629","Bub1b"
51,"2006","16476774","Bub3"
533,"2006","16476774","Rae1"
52,"2006","16380712","ztf-12"
210,"2006","16380712","egl-10"
255,"2006","16380712","F42G10.1 (Caenorhabditis elegans)"
402,"2006","16380712","ldb-1"
407,"2006","16380712","lin-2"
583,"2006","16380712","sca-1"
777,"2006","16380712","zfp-1"
65,"2004","15253933","C26B2.2 (Caenorhabditis elegans)"
159,"2004","15253933","daf-15"
72,"2003","12845331","C32H11.1 (Caenorhabditis elegans)"
186,"2003","12845331","dod-17"
187,"2003","12845331","dod-18"
188,"2003","12845331","dod-19"
189,"2003","12845331","dod-20"
190,"2003","12845331","dod-21"
191,"2003","12845331","dod-22"
192,"2003","12845331","dod-23"
193,"2003","12845331","dod-24"
295,"2003","12845331","gcy-6"
368,"2003","12845331","ins-18"
369,"2003","12845331","ins-21"
370,"2003","12845331","ins-7"
400,"2003","12845331","lbp-7"
445,"2003","12845331","mtl-2"
472,"2003","12845331","nuc-1"
497,"2003","12845331","pes-2.2"
712,"2003","12845331","vit-5"
713,"2003","12845331","vit-2"
89,"2007","17435236","car"
133,"2007","17435236","cm"
194,"2007","17435236","dor"
289,"2007","17435236","g"
335,"2007","17435236","hk"
416,"2007","17435236","lt"
537,"2007","17435236","rb"
578,"2007","17435236","ry"
1059,"2007","17435236","bchs"
90,"2007","17188333","Casp2"
91,"1994","8108730","Cat"
617,"1994","8108730","Sod"
92,"2005","15879174","Cat"
93,"2003","14690422","Cav1"
98,"2007","17460215","CCS1"
2146,"2007","17460215","Sod1"
2147,"2007","17460215","SOD2"
101,"2003","12620118","CCT1"
123,"2003","12620118","cher"
287,"2003","12620118","Fwd"
539,"2003","12620118","Rdh"
629,"2003","12620118","sug"
711,"2003","12620118","VhaSFD"
103,"2006","16741121","cdc-25.1"
104,"2006","16741121","cdc-25.3"
125,"2006","16741121","chk-1"
343,"2006","16741121","hsp-4"
389,"2006","16741121","cid-1"
105,"2000","11000115","CDC25 (Saccharomyces cerevisiae)"
317,"2000","11000115","GPA2 (Saccharomyces cerevisiae)"
321,"2000","11000115","GPR1 (Saccharomyces cerevisiae)"
355,"2000","11000115","HXK2 (Saccharomyces cerevisiae)"
676,"2000","11000115","TPK2 (Saccharomyces cerevisiae)"
1883,"2000","11000115","PDE2"
2135,"2000","11000115","CYR1"
106,"1997","9428525","CDC6"
108,"2007","17368005","Cdk5"
109,"2007","17143283","Cdkn1a"
110,"2004","15289464","Cebpa"
111,"2004","15289464","Cebpb"
114,"2000","10873623","ins-18"
116,"2007","17895432","cep-1"
354,"2007","17895432","hus-1"
1012,"2007","17895432","cep-1"
117,"2007","17592126","cert"
118,"1999","10617200","che-11"
119,"1999","10617200","che-13"
120,"1999","10617200","che-2"
121,"1999","10617200","che-3"
161,"1999","10617200","daf-19"
167,"1999","10617200","daf-6"
238,"1999","10617200","daf-10"
426,"1999","10617200","mec-8"
481,"1999","10617200","osm-1"
482,"1999","10617200","osm-3"
483,"1999","10617200","osm-5"
484,"1999","10617200","osm-6"
663,"1999","10617200","tax-4"
122,"2006","16675955","Chek2"
124,"2001","11292874","chico"
126,"2005","16182251","CHL1 (Saccharomyces cerevisiae)"
128,"2002","12054192","CKIepsilon"
129,"2005","16099946","cku-70"
130,"1996","8638122","clk-1"
131,"1996","8638122","clk-2"
324,"1996","8638122","gro-1"
132,"2007","17710147","CLN3 (Saccharomyces cerevisiae)"
427,"2007","17710147","MEC1 (Saccharomyces cerevisiae)"
532,"2007","17710147","RAD9 (Saccharomyces cerevisiae)"
2148,"2007","17710147","SCH9"
134,"2007","17673661","cnb-1"
209,"2007","17673661","eef-2"
277,"2007","17673661","fbp-1"
319,"2007","17673661","gpd-2"
522,"2007","17673661","R11A5.4"
664,"2007","17673661","tax-6"
1075,"2007","17673661","aco-2"
1143,"2007","17673661","inf-1"
136,"2005","16195414","Coq7"
137,"1999","10330149","COX1"
139,"2005","16336970","CSR2 (Saccharomyces cerevisiae)"
140,"2006","16751106","cst-1"
1013,"2006","16751106","cst-1"
141,"2003","12586694","CTT1"
616,"2003","12586694","Sod1"
618,"2003","12586694","SOD2"
2127,"2003","12586694","RAS2"
143,"2007","17392428","cul-1"
272,"2007","17392428","F59B2.8 (Caenorhabditis elegans)"
279,"2007","17392428","fbxa-121"
408,"2007","17392428","lin-23"
608,"2007","17392428","skr-1"
609,"2007","17392428","skr-2"
745,"2007","17392428","Y46G5A.6 (Caenorhabditis elegans)"
146,"2007","17081785","cyc1"
149,"2002","12124627","CYR1"
330,"2002","12124627","HAP4 (Saccharomyces cerevisiae)"
157,"1995","7789761","daf-12"
1079,"1995","7789761","age-1"
1108,"1995","7789761","daf-16"
1110,"1995","7789761","daf-18"
1116,"1995","7789761","daf-2"
160,"2005","16153634","daf-18"
162,"1993","8247153","daf-2"
1014,"1993","8247153","daf-16"
163,"1996","8807293","daf-28"
170,"2001","11740945","daf-9"
174,"2000","10838697","des-2"
176,"2004","15314028","din-1"
177,"2007","17651920","DJ-1alpha"
178,"2007","17651920","dj-1beta"
179,"2007","17728253","dkf-2"
180,"2007","17592521","dlk-1"
434,"2007","17592521","mkk-4"
469,"2007","17592521","nrx-1"
544,"2007","17592521","ric-4"
582,"2007","17592521","sbt-1"
584,"2007","17592521","scd-2"
633,"2007","17592521","syd-2"
643,"2007","17592521","T21H8.1 (Caenorhabditis elegans)"
696,"2007","17592521","unc-10"
1179,"2007","17592521","unc-13"
181,"2007","17933869","DLP"
182,"2002","12024027","DNA2"
527,"2002","12024027","RAD27 (Saccharomyces cerevisiae)"
1880,"2002","12024027","CTF4"
183,"2007","17369827","dnc"
456,"2007","17369827","NF1"
503,"2007","17369827","Pka-C1"
577,"2007","17369827","rut"
184,"2007","17173038","DNM1"
281,"2007","17173038","FIS1"
185,"2005","15533947","Mt2"
197,"2003","12610309","l(3)DTS3"
201,"1998","9789046","eat-1"
202,"1998","9789046","eat-18"
203,"1998","9789046","eat-2"
204,"1998","9789046","eat-3"
205,"1998","9789046","eat-6"
698,"1998","9789046","unc-26"
206,"2003","12610294","EcR"
207,"1989","2508089","Ef1alpha48D"
208,"2007","17872905","Efemp1"
212,"2003","12571101","egl-4"
214,"2006","16434470","egm"
221,"2002","11950998","Ercc2"
729,"2002","11950998","XPA"
222,"2006","17183314","Ercc4"
267,"2006","16673436","aakb-1"
398,"2006","16673436","lbp-4"
399,"2006","16673436","lbp-6"
401,"2006","16673436","lbp-9"
512,"2006","16673436","prdx-2"
513,"2006","16673436","prdx-3"
542,"2006","16673436","rhi-1"
688,"2006","16673436","ubh-1"
689,"2006","16673436","ubh-3"
747,"2006","16673436","aakb-2"
270,"2007","17934462","dct-18"
417,"2007","17934462","lys-8"
462,"2007","17934462","nnt-1"
720,"2007","17934462","dct-11"
723,"2007","17934462","dct-15"
733,"2007","17934462","dct-13"
737,"2007","17934462","dct-14"
757,"2007","17934462","dct-12"
779,"2007","17934462","scl-20"
1150,"2007","17934462","lin-2"
276,"2005","15719061","fat-7"
460,"2005","15719061","nhr-49"
278,"2006","16199065","FBP1"
280,"2006","16436465","Fgf23"
282,"1999","10230397","FOB1 (Saccharomyces cerevisiae)"
283,"2003","14647066","Foxm1"
284,"2004","15175753","foxo"
285,"2005","15771615","frh-1"
286,"2006","16860373","ftt-2"
490,"2006","16860373","par-5"
288,"2005","16278235","Fxn"
290,"2004","15178135","gas-1"
291,"2005","16148000","Gclc"
292,"2005","16148000","Gclm"
293,"2004","15547318","GCN5"
299,"2003","14583653","Gh"
300,"2003","12933651","Ghr"
301,"2001","11371619","Ghrhr"
1010,"2001","11371619","Pou1f1"
302,"2004","15186745","gig"
579,"2004","15186745","S6k"
673,"2004","15186745","Tor"
682,"2004","15186745","Tsc1"
303,"2006","16581512","GLaz"
306,"2002","11799246","glp-1"
431,"2002","11799246","mes-1"
499,"2002","11799246","pgl-1"
307,"2007","17187771","gpa-1"
308,"2007","17187771","gpa-10"
309,"2007","17187771","gpa-11"
310,"2007","17187771","gpa-15"
311,"2007","17187771","gpa-2"
312,"2007","17187771","gpa-3"
313,"2007","17187771","gpa-5"
314,"2007","17187771","gpa-6"
315,"2007","17187771","gpa-8"
316,"2007","17187771","gpa-9"
318,"2007","17187771","gpc-1"
478,"2007","17187771","odr-3"
1016,"2007","17187771","gpa-1"
1017,"2007","17187771","gpa-2"
1018,"2007","17187771","gpa-5"
1019,"2007","17187771","gpa-8"
325,"1999","10506576","GSR"
326,"2005","16164425","gst-10"
327,"2007","17157356","gst-5"
1134,"2007","17157356","gst-10"
331,"2005","16023114","HAT2 (Saccharomyces cerevisiae)"
332,"2004","15105378","Hells"
337,"2001","11290710","HPR5 (Saccharomyces cerevisiae)"
2110,"2001","11290710","SGS1 (Saccharomyces cerevisiae)"
2142,"2001","11290710","SGS1 (Saccharomyces cerevisiae)"
339,"2004","14668486","hsf-1"
340,"2003","12882326","hsp-16.1"
341,"2003","12882326","hsp-16.48"
342,"2003","12882326","hsp-16.49"
344,"2002","11959102","hsp-6"
345,"2007","17908928","HSP104 (Saccharomyces cerevisiae)"
2152,"2004","14734639","hsp22"
347,"2004","15308776","Hsp26"
348,"2004","15308776","Hsp27"
349,"2003","14602080","hsp68"
518,"2003","14602080","puc"
350,"1997","9363888","hsp70"
351,"2005","16051752","HST2 (Saccharomyces cerevisiae)"
353,"2007","17420766","htr1b"
357,"2007","17266680","ife-1"
487,"2007","17266680","pab-1"
488,"2007","17266680","pab-2"
1141,"2007","17266680","ifg-1"
1168,"2007","17266680","rsks-1"
358,"2007","17266679","ife-2"
382,"2007","17266679","iftb-1"
553,"2007","17266679","rpl-19"
554,"2007","17266679","rpl-30"
555,"2007","17266679","rpl-4"
556,"2007","17266679","rpl-9"
561,"2007","17266679","rps-10"
563,"2007","17266679","rps-15"
564,"2007","17266679","rps-22"
566,"2007","17266679","rps-26"
569,"2007","17266679","rps-6"
574,"2007","17266679","rsks-1"
1139,"2007","17266679","ifg-1"
1146,"2007","17266679","isp-1"
1167,"2007","17266679","rps-11"
361,"2006","16968739","ifta-2"
362,"2007","17973971","Igf1"
363,"2003","12483226","Igf1r"
364,"2000","11118146","Indy"
366,"2001","11292875","InR"
367,"2001","11274053","ins-1"
371,"2003","12543978","Insr"
375,"2008","17928362","Irs1"
376,"2007","17641201","Irs2"
377,"2001","11709184","isp-1"
378,"2005","15767565","jkk-1"
379,"2005","15767565","jnk-1"
393,"2006","16530050","kri-1"
396,"1996","8760941","LAG2 (Saccharomyces cerevisiae)"
397,"2007","17200108","LAT1"
403,"2005","16269543","lem-2"
411,"2005","16269543","lmn-1"
404,"2005","16164423","let-60"
406,"2005","16373574","lin-14"
409,"2005","16373574","lin-4"
412,"2003","12748643","Lmna"
424,"2007","17717065","Mcm2"
432,"1998","9716135","mev-1"
433,"2007","17483135","Mgat5"
435,"2007","17277769","mnk-1"
1137,"2007","17277769","ife-2"
436,"2005","16055719","Mnt"
437,"2007","17559503","mod-5"
593,"2007","17559503","ser-1"
594,"2007","17559503","ser-4"
438,"1997","9150138","MPT5 (Saccharomyces cerevisiae)"
441,"2003","12629043","Msh2"
442,"2002","11867705","Eip71CD"
443,"2001","11606777","Msra"
444,"1998","9794765","mth"
447,"2004","15141092","MXR1"
448,"2003","14570233","mys"
449,"2004","14678010","nac-2"
450,"2003","12480943","nac-3"
452,"2004","14724176","NDE1 (Saccharomyces cerevisiae)"
453,"2004","14724176","NDE2 (Saccharomyces cerevisiae)"
454,"2006","16436509","NDI1 (Saccharomyces cerevisiae)"
2133,"2006","16436509","NDE1 (Saccharomyces cerevisiae)"
455,"2006","16446448","Neil1"
457,"2005","16242019","nfi-1"
461,"2003","12939266","nhx-2"
1159,"2003","12939266","pept-1"
463,"2004","15350840","Nos3"
467,"2002","11884393","NPT1"
479,"2004","15155758","pept-1"
480,"2007","17272684","Orco"
485,"1999","10617470","ovo (Drosophila melanogaster)"
486,"2005","16303568","p53 (Drosophila melanogaster)"
489,"2007","17681037","Pappa"
493,"2007","17909035","Pawr"
494,"2007","17716967","Pck1"
495,"2001","11742076","Pcmt"
496,"1999","10364160","pdk-1"
500,"2007","17476212","pha-4"
501,"1997","9259555","PHB1 (Saccharomyces cerevisiae)"
502,"1997","9259555","PHB2 (Saccharomyces cerevisiae)"
504,"2006","16822282","Pka1"
505,"1999","10638529","Plau"
508,"2004","15164064","Polg"
510,"2001","11868902","POSH"
511,"2006","16652371","Ppm1d"
514,"2003","12891360","Prdx1"
515,"1996","8900272","Prop1"
528,"1999","10207108","RAD50"
529,"1999","10207108","RAD51"
530,"1999","10207108","RAD52"
531,"1999","10207108","RAD57 (Saccharomyces cerevisiae)"
535,"1994","8034612","RAS1"
536,"1994","8034612","RAS2"
538,"2003","14642561","rcq-5"
543,"2006","16713954","rho-7"
547,"2001","11292860","RIM15"
586,"2001","11292860","SCH9"
2073,"2001","11292860","CYR1"
548,"2007","17276341","rle-1"
551,"1999","10512855","RPD3"
552,"2002","12459580","Rpd3"
557,"2007","17174052","RPL10 (Saccharomyces cerevisiae)"
559,"2007","17174052","RPL6B (Saccharomyces cerevisiae)"
571,"2007","17174052","RPS18A (Saccharomyces cerevisiae)"
572,"2007","17174052","RPS18B (Saccharomyces cerevisiae)"
2117,"2007","17174052","RPL31A (Saccharomyces cerevisiae)"
2126,"2007","17174052","RPS6B (Saccharomyces cerevisiae)"
560,"2006","16782871","RPO41 (Saccharomyces cerevisiae)"
576,"2000","11024000","RTG3 (Saccharomyces cerevisiae)"
585,"2007","17855453","Scgdelta"
587,"2003","12620193","scl-1"
588,"2004","15024029","SCP1 (Saccharomyces cerevisiae)"
589,"2006","17056719","SdhB"
590,"2007","17854771","sdhC"
595,"2004","15068796","sgk-1"
596,"1997","9271578","SGS1 (Saccharomyces cerevisiae)"
597,"1999","10580504","Shc1"
599,"2000","10921902","SIP2 (Saccharomyces cerevisiae)"
614,"2000","10921902","SNF1"
615,"2000","10921902","SNF4"
1965,"2000","10921902","NMT1"
1966,"2000","10921902","SIP1"
600,"2001","11242085","sir-2.1"
601,"2004","15520384","Sir2 (Drosophila melanogaster)"
602,"1999","10521401","SIR3"
771,"1999","10521401","YKU70"
772,"1999","10521401","YKU80"
1011,"1999","10521401","SIR2"
2075,"1999","10521401","SIR4"
2132,"1999","10521401","FOB1 (Saccharomyces cerevisiae)"
603,"1995","7859289","SIR4"
709,"1995","7859289","UTH1 (Saccharomyces cerevisiae)"
604,"2006","17159295","Sirt2 (Drosophila melanogaster)"
606,"2006","17159295","Sirt6 (Drosophila melanogaster)"
605,"2006","16439206","Sirt6"
607,"2007","17538612","skn-1"
610,"1999","10220377","Slc25a4"
611,"2006","16530049","smk-1"
613,"2006","16782295","SNCA"
619,"2002","12456885","Sod2"
620,"1992","1448167","spe-26"
627,"2004","15126388","SSD1 (Saccharomyces cerevisiae)"
628,"2008","18411298","Stub1"
630,"2004","15133470","sun"
631,"2006","16172499","Surf1"
632,"2007","17210671","Surf1"
635,"2005","16181657","him-6"
666,"2005","16142233","Terf2"
667,"2005","15688016","Tert"
668,"1998","9768365","old-1"
669,"1997","9275199","TLC1 (Saccharomyces cerevisiae)"
1840,"1997","9275199","RIF1"
672,"2001","11331780","Top3b"
677,"2002","11780111","Trp53"
678,"2005","16107615","Trp63"
680,"2007","17567437","Trx-2"
681,"2007","17301052","TrxT"
684,"2005","16054097","tub-1"
686,"2002","12230882","Txn1"
690,"2005","16054055","UCP2"
691,"2006","17082459","Ucp2"
695,"2006","16337885","Ump1 (Saccharomyces cerevisiae)"
697,"2000","10747056","unc-13"
700,"2000","10747056","unc-32"
701,"2000","10747056","unc-4"
706,"2000","10747056","unc-76"
699,"1999","10377425","unc-31"
705,"1999","10377425","unc-64"
730,"1999","10485901","Xrcc5"
731,"2007","17875923","Xrcc6"
736,"2007","17335870","pnc-1"
776,"2000","10662670","ZDS1 (Saccharomyces cerevisiae)"
2007,"2000","10662670","ZDS2"
784,"2005","16079796","Zmpste24"
808,"2009","19197138","Agtr1a"
809,"2001","11726538","Apoe"
810,"2009","19451219","Cisd2"
811,"2010","21149897","Clock"
812,"2007","17360850","Dmd"
813,"2010","20726853","Eef1e1"
814,"2010","20209148","Eps8"
815,"2003","12847088","Fn1"
816,"2012","22633954","Hnrnpd"
817,"2010","20140187","Htt"
818,"2008","18249171","Jund"
819,"2008","18542083","Kcna3"
820,"2009","19997628","Pparg"
821,"2008","18239138","Sirt7"
822,"2011","21651971","Slc13a1"
823,"2008","19424848","Socs2"
824,"2011","21108731","Sod2"
825,"2010","20429939","Topors"
826,"2008","18362329","Tpp2"
827,"2009","19716796","Trp53bp1"
2149,"2008","19005568","Ilp2"
807,"2009","19550147","Atg7"
1056,"2009","19550147","Atg8a"
828,"2008","18665908","14-3-3epsilon"
829,"2010","20976250","Akt1"
834,"2010","20976250","bsk"
871,"2010","20976250","Pi3K92E"
1065,"2010","20976250","hsp68"
2150,"2010","20976250","Jafrac1"
830,"2009","19302370","alpha-Man-I"
842,"2009","19302370","Edem1"
909,"2009","19302370","D2030.1"
832,"2008","18219227","Aut1"
875,"2008","18219227","SNF4Agamma"
890,"2008","18219227","atg-18"
895,"2008","18219227","atg-9"
952,"2008","18219227","lgg-1"
993,"2008","18219227","unc-51"
1091,"2008","18219227","bec-1"
833,"2008","18434551","bam"
835,"2009","19747824","CG17856"
836,"2009","19747824","CG18809"
837,"2009","19747824","CG5389"
838,"2009","19747824","CG9172"
859,"2009","19747824","l(3)neo18"
839,"2008","17999718","DNApol-gamma35"
840,"2008","18221418","Dys"
841,"2010","20018689","E(z)"
844,"2010","20018689","esc"
843,"2010","20589912","elav"
874,"2010","20589912","Rbp9"
845,"2008","18258192","fh"
846,"2011","21153055","Gadd45"
847,"2010","20422037","Gr63a"
849,"2009","19011900","hebe"
864,"2009","19011900","magu"
851,"2009","19420297","hsp22"
1053,"2009","19420297","Hsp70Ba"
852,"2005","15708981","Ilp2"
853,"2009","19720829","Jafrac1"
854,"2008","18275960","CG3776"
855,"2008","18275960","CG3776"
856,"2008","18194654","keap1"
857,"2010","21029723","kermit"
858,"2008","18494863","kuk"
860,"2008","18494863","LBR"
861,"2010","20333234","Lnk"
862,"2011","21776417","loco"
865,"2008","18208580","mle"
866,"2008","18083727","Mlp84B"
867,"2010","18775584","MTF-1"
868,"2008","18678867","Naam"
869,"2011","21376794","Nlaz"
870,"2011","21826223","pex16"
872,"2009","19128239","Prx5"
873,"2010","21111239","Pten"
877,"2010","21111239","Thor"
876,"2008","18478054","snz"
878,"2010","20519778","to"
879,"2009","19209226","yata"
880,"2008","18809674","Zw"
881,"2007","18059442","ace-1"
897,"2007","18059442","bub-3"
911,"2007","18059442","dis-3"
938,"2007","18059442","fzy-1"
940,"2007","18059442","gsa-1"
957,"2007","18059442","max-2"
958,"2007","18059442","mpk-1"
961,"2007","18059442","ncbp-2"
969,"2007","18059442","R03D7.4"
984,"2007","18059442","sptf-3"
988,"2007","18059442","tbp-1"
1003,"2007","18059442","Y47D3A.29"
884,"2008","18467495","aip-1"
886,"2008","18216284","apy-1"
887,"2009","19575768","arf-1.1"
896,"2009","19575768","B0024.4"
898,"2009","19575768","acs-7"
901,"2009","19575768","C17H1.7"
903,"2009","19575768","C31B8.4"
908,"2009","19575768","cyp-13B1"
924,"2009","19575768","F15B9.6"
925,"2009","19575768","F15D3.8"
928,"2009","19575768","F23F12.3"
929,"2009","19575768","F25B3.5"
935,"2009","19575768","F58F9.7"
937,"2009","19575768","fbxa-188"
956,"2009","19575768","lys-6"
978,"2009","19575768","skr-5"
983,"2009","19575768","spp-17"
1000,"2009","19575768","Y41C4A.11"
1001,"2009","19575768","Y43C5A.3"
1002,"2009","19575768","Y46G5A.20"
1004,"2009","19575768","Y47H9C.1"
1144,"2009","19575768","ins-7"
888,"2010","20207731","arr-1"
959,"2010","20207731","mpz-1"
889,"2010","20555324","ash-2"
973,"2010","20555324","rbr-2"
974,"2010","20555324","set-2"
975,"2010","20555324","set-4"
976,"2010","20555324","set-6"
997,"2010","20555324","wdr-5.1"
1007,"2010","20555324","set-15"
1008,"2010","20555324","set-9"
1092,"2010","20555324","blmp-1"
891,"2009","19469880","atg-3"
892,"2009","19469880","atg-4.1"
893,"2009","19469880","atg-4.2"
894,"2009","19469880","atg-5"
1080,"2009","19469880","atg-18"
1081,"2009","19469880","atg-7"
1082,"2009","19469880","atg-9"
1090,"2009","19469880","bec-1"
1149,"2009","19469880","lgg-1"
1180,"2009","19469880","unc-51"
899,"2009","19764929","C03H5.3"
926,"2009","19764929","F16H11.3"
933,"2009","19764929","F53H1.3"
951,"2009","19764929","let-502"
986,"2009","19764929","T12E12.1"
1148,"2009","19764929","lbp-6"
902,"2010","20688098","C25H3.9"
932,"2010","20688098","F45H10.2"
970,"2010","20688098","R07E4.3"
987,"2010","20688098","T27E9.2"
992,"2010","20688098","ucr-2.3"
1006,"2010","20688098","Y71H2AM.5"
1093,"2010","20688098","C18E9.4 (Caenorhabditis elegans)"
1094,"2010","20688098","C33A12.1 (Caenorhabditis elegans)"
1099,"2010","20688098","cco-1"
1100,"2010","20688098","cco-2"
1105,"2010","20688098","cyc-1"
1126,"2010","20688098","F26E4.6 (Caenorhabditis elegans)"
1127,"2010","20688098","F29C4.2 (Caenorhabditis elegans)"
1155,"2010","20688098","nuo-1"
1157,"2010","20688098","nuo-3"
1174,"2010","20688098","T02H6.11 (Caenorhabditis elegans)"
1177,"2010","20688098","tag-174"
1178,"2010","20688098","ucr-1"
1184,"2010","20688098","W09C5.8 (Caenorhabditis elegans)"
904,"2010","20844315","C50F7.10"
913,"2010","20844315","E02H9.5"
905,"2010","21055415","ceh-10"
991,"2010","21055415","ttx-3"
906,"2009","19627265","chc-1"
907,"2009","19627265","cup-4"
962,"2009","19627265","nlp-7"
972,"2009","19627265","rab-5"
910,"2011","21477590","dhs-21"
912,"2011","21215371","dve-1"
915,"2008","18662544","egl-18"
1123,"2008","18662544","elt-6"
916,"2008","19043554","egl-30"
917,"2008","19043554","egl-8"
939,"2008","19043554","goa-1"
990,"2008","19043554","tom-1"
1119,"2008","19043554","egl-3"
918,"2009","19372390","egl-9"
995,"2009","19372390","vhl-1"
920,"2010","20862312","ets-4"
921,"2010","20346071","exo-3"
1101,"2010","20346071","cep-1"
922,"2008","18728216","F11A3.2"
934,"2011","21156009","F56H1.7"
936,"2011","21040400","slcf-1"
941,"2010","20497132","hpa-1"
943,"2010","20497132","hpa-2"
946,"2010","20497132","itr-1"
950,"2010","20497132","let-23"
954,"2010","20497132","lin-3"
2151,"2010","20497132","let-23"
942,"2008","18828672","hcf-1"
944,"2008","19424872","hyl-1"
948,"2008","19424872","lagr-1"
945,"2010","20460307","ire-1"
1005,"2010","20460307","Y52B11A.9"
947,"2010","20956318","kat-1"
960,"2008","18393358","mtm-3"
963,"2010","20501697","numr-1"
964,"2010","20501697","numr-2"
965,"2008","18846209","ocr-2"
966,"2008","18772467","pcm-1"
1068,"2008","18772467","Pcmt"
967,"2009","19812672","phb-1"
968,"2009","19812672","phb-2"
977,"2008","18832074","shc-1"
1147,"2008","18832074","jnk-1"
980,"2008","18836529","smg-1"
981,"2007","18073424","sod-1"
982,"2000","10968795","sod-2"
989,"2010","21151927","tmem-135"
994,"2009","19853560","vab-1"
1111,"2009","19853560","daf-18"
998,"2011","21331044","Y20F4.2"
1009,"1997","9363890","Kl"
1051,"2007","17400585","Pten"
1052,"2012","22405073","Pten"
1023,"2010","20561897","Parp1"
1024,"2003","12960381","Sirt1"
1025,"2007","17877786","Sirt1"
1026,"1996","8689683","Atm"
1027,"1996","8917548","Atm"
1028,"1996","8843194","Atm"
1029,"2009","19620979","Atr"
1030,"2007","17420720","Brca1"
1031,"2005","16144468","Cat"
1032,"2008","18729070","Fgf23"
1034,"2008","18959478","Igf1r"
1035,"2005","15713666","Insr"
1036,"2005","16123266","Kl"
1037,"2005","16144705","Kl"
1038,"2009","19487311","Msra"
1039,"2008","18566100","Pappa"
1040,"2005","15877079","Pawr"
1041,"2005","16020738","Polg"
1042,"2008","19013273","Tert"
1043,"2011","21113150","Tert"
1045,"2005","15584024","Trp53"
1046,"2002","12426394","Trp53"
1047,"2004","14871929","Trp53"
1048,"2006","16940753","Trp63"
1049,"2008","19010925","Xrcc5"
1050,"2012","22661501","Cisd2"
1054,"2005","15695762","Hsp70Ba"
1073,"2010","20655917","Eip71CD"
1057,"2007","17617737","Atg8a"
1058,"2007","17617737","bchs"
1060,"2004","15192154","foxo"
1061,"2007","17465980","foxo"
1062,"2006","16581513","GLaz"
2153,"2004","15491684","hsp22"
1064,"2004","15346199","hsp22"
1066,"2008","18460334","Indy"
1067,"2007","17686972","p53 (Drosophila melanogaster)"
1070,"1989","2539600","Sod"
1071,"1999","9858546","Sod"
1072,"2007","18067683","Sod2"
1076,"2008","17996009","age-1"
1078,"1990","2392681","age-1"
1089,"2007","17172799","bec-1"
1102,"2003","12709403","clk-1"
1103,"1999","10202142","clk-1"
1104,"2004","15269213","clk-1"
1153,"2004","15269213","mev-1"
1107,"2006","16626392","daf-12"
1114,"1999","10360574","daf-2"
1115,"1997","9252323","daf-2"
1117,"2000","11021802","daf-2"
1120,"2010","20647387","egl-30"
1121,"2010","20647387","egl-8"
1131,"2006","16293572","frh-1"
1132,"2008","18423931","ftt-2"
1160,"2008","18423931","par-5"
1136,"2007","17189267","hsp-6"
1138,"2010","20700440","ife-2"
1142,"2010","20700440","ifg-1"
1140,"2006","16720740","ifg-1"
1164,"2008","18804378","pha-4"
1169,"2006","16280150","sir-2.1"
1170,"2008","18358814","skn-1"
1172,"2009","19197346","sod-2"
1181,"2009","19797165","vhl-1"
1186,"2003","12736687","PNC1"
1187,"2010","20657825","ADD37"
1188,"2010","20657825","ADD66"
1189,"2010","20657825","ADE3"
1190,"2010","20657825","ADH2"
1191,"2010","20657825","AEP1"
1192,"2010","20657825","AIM24"
1193,"2010","20657825","AMN1"
1194,"2010","20657825","ARG2"
1195,"2010","20657825","ARO7"
1196,"2010","20657825","ASG1"
1197,"2010","20657825","ATG15"
1198,"2010","20657825","ATG21"
1199,"2010","20657825","ATH1"
1200,"2010","20657825","AVT1"
1201,"2010","20657825","BAP2"
1202,"2010","20657825","BCK1"
1203,"2010","20657825","BCS1"
1204,"2010","20657825","BMH1"
1206,"2010","20657825","CBP4"
1207,"2010","20657825","CIT1"
1208,"2010","20657825","CLB2"
1209,"2010","20657825","CLG1"
1210,"2010","20657825","COQ1"
1211,"2010","20657825","COQ3"
1212,"2010","20657825","COQ5"
1213,"2010","20657825","COX11"
1214,"2010","20657825","CPS1"
1215,"2010","20657825","CWH43"
1216,"2010","20657825","CYC1"
1217,"2010","20657825","CYC2"
1219,"2010","20657825","DCN1"
1220,"2010","20657825","DGR2"
1221,"2010","20657825","DPH1"
1222,"2010","20657825","DYN2"
1223,"2010","20657825","EFT2"
1224,"2010","20657825","EGD1"
1225,"2010","20657825","EMI1"
1226,"2010","20657825","FLD1"
1227,"2010","20657825","FMT1"
1228,"2010","20657825","GAL80"
1229,"2010","20657825","GCN4"
1230,"2010","20657825","GDH3"
1231,"2010","20657825","GFD2"
1232,"2010","20657825","GID7"
1233,"2010","20657825","GID8"
1235,"2010","20657825","GPT2"
1236,"2010","20657825","GSG1"
1237,"2010","20657825","GYP1"
1239,"2010","20657825","HIR1"
1240,"2010","20657825","HIR2"
1241,"2010","20657825","HIR3"
1242,"2010","20657825","HIS7"
1243,"2010","20657825","HNT3"
1244,"2010","20657825","HSE1"
1245,"2010","20657825","HST1"
1246,"2010","20657825","ICL1"
1247,"2010","20657825","IZH3"
1248,"2010","20657825","JNM1"
1249,"2010","20657825","KGD1"
1250,"2010","20657825","LDB16"
1251,"2010","20657825","LDB19"
1252,"2010","20657825","LIP2"
1253,"2010","20657825","LOS1"
1254,"2010","20657825","LYS1"
1255,"2010","20657825","MAK10"
1256,"2010","20657825","MAK3"
1257,"2010","20657825","MAL33"
1258,"2010","20657825","MBA1"
1259,"2010","20657825","MED1"
1260,"2010","20657825","MET2"
1261,"2010","20657825","MET6"
1262,"2010","20657825","MHP1"
1263,"2010","20657825","MKK1"
1264,"2010","20657825","MKS1"
1266,"2010","20657825","MRH4"
1267,"2010","20657825","MRP2"
1268,"2010","20657825","MRPL17"
1269,"2010","20657825","MRPL20"
1270,"2010","20657825","MRPL38"
1271,"2010","20657825","MRPL9"
1272,"2010","20657825","MRPS16"
1273,"2010","20657825","MSS116"
1274,"2010","20657825","MSS18"
1275,"2010","20657825","MSW1"
1276,"2010","20657825","MTC1"
1277,"2010","20657825","MTO1"
1278,"2010","20657825","NIP100"
1279,"2010","20657825","OPI3"
1280,"2010","20657825","OSH2"
1281,"2010","20657825","PAA1"
1282,"2010","20657825","PAU2"
1283,"2010","20657825","PCA1"
1284,"2010","20657825","PCL6"
1285,"2010","20657825","PCP1"
1286,"2010","20657825","PDC1"
1287,"2010","20657825","PDE2"
1288,"2010","20657825","PET111"
1289,"2010","20657825","PET112"
1290,"2010","20657825","PEX5"
1291,"2010","20657825","PEX6"
1292,"2010","20657825","PMP1"
1293,"2010","20657825","PMP3"
1294,"2010","20657825","PMT1"
1295,"2010","20657825","PNT1"
1296,"2010","20657825","PPZ1"
1297,"2010","20657825","PRX1"
1298,"2010","20657825","PSD1"
1299,"2010","20657825","PTH1"
1300,"2010","20657825","PTK2"
1301,"2010","20657825","QCR7"
1302,"2010","20657825","QCR8"
1303,"2010","20657825","RAD55"
1304,"2010","20657825","RAV1"
1305,"2010","20657825","RHO5"
1306,"2010","20657825","RIM8"
1307,"2010","20657825","RKR1"
1308,"2010","20657825","RLM1"
1309,"2010","20657825","RMD8"
1310,"2010","20657825","RMD9"
1311,"2010","20657825","RPN4"
1312,"2010","20657825","RPS21B"
1313,"2010","20657825","RRD2"
1314,"2010","20657825","RRG8"
1315,"2010","20657825","RRT12"
1316,"2010","20657825","RSM24"
1317,"2010","20657825","RTC6"
1318,"2010","20657825","RTG2"
1319,"2010","20657825","RTN1"
1320,"2010","20657825","RTT10"
1321,"2010","20657825","SAK1"
1322,"2010","20657825","SCJ1"
1323,"2010","20657825","SET3"
1324,"2010","20657825","SGF29"
1325,"2010","20657825","SHM2"
1326,"2010","20657825","SIP3"
1327,"2010","20657825","SKN7"
1328,"2010","20657825","SMI1"
1329,"2010","20657825","SOL2"
1330,"2010","20657825","SSA4"
1331,"2010","20657825","SSK1"
1332,"2010","20657825","SSK2"
1334,"2010","20657825","SWS2"
1335,"2010","20657825","SXM1"
1337,"2010","20657825","TED1"
1338,"2010","20657825","TIF2"
1339,"2010","20657825","TOM71"
1340,"2010","20657825","TRM44"
1341,"2010","20657825","UBI4"
1342,"2010","20657825","UBP8"
1343,"2010","20657825","UBX4"
1344,"2010","20657825","UFD2"
1345,"2010","20657825","UPS2"
1346,"2010","20657825","VAB2"
1347,"2010","20657825","VAC17"
1348,"2010","20657825","VHS1"
1349,"2010","20657825","VHS3"
1350,"2010","20657825","VID30"
1351,"2010","20657825","VPS21"
1352,"2010","20657825","VPS25"
1353,"2010","20657825","VPS27"
1354,"2010","20657825","VPS8"
1355,"2010","20657825","VTA1"
1356,"2010","20657825","WHI3"
1368,"2010","20657825","YKR096W"
1372,"2010","20657825","YMR244C-A"
1373,"2010","20657825","YMR258C"
1379,"2010","20657825","YPT7"
1735,"2010","20657825","ACB1"
1736,"2010","20657825","CKA2"
1737,"2010","20657825","DUG1"
1738,"2010","20657825","FAR10"
1739,"2010","20657825","FAR7"
1740,"2010","20657825","FAR8"
1741,"2010","20657825","LCB3"
1743,"2010","20657825","PEX25"
1744,"2010","20657825","PXL1"
1745,"2010","20657825","SFL1"
1746,"2010","20657825","TRM9"
1747,"2010","20657825","YKL171W"
2079,"2010","20657825","BRE5 (Saccharomyces cerevisiae)"
2080,"2010","20657825","MTC4 (Saccharomyces cerevisiae)"
2081,"2010","20657825","SSD1 (Saccharomyces cerevisiae)"
2082,"2010","20657825","YKU70"
1380,"2010","20421943","ADD37"
1381,"2010","20421943","ADE17"
1382,"2010","20421943","ADK1"
1383,"2010","20421943","AEP1"
1384,"2010","20421943","AIM36"
1385,"2010","20421943","APE3"
1386,"2010","20421943","ATG10"
1387,"2010","20421943","ATG13"
1388,"2010","20421943","ATG14"
1389,"2010","20421943","ATG2"
1390,"2010","20421943","ATG29"
1391,"2010","20421943","ATG7"
1392,"2010","20421943","ATG9"
1393,"2010","20421943","BCK1"
1394,"2010","20421943","BPH1"
1395,"2010","20421943","CBP2"
1396,"2010","20421943","COQ10"
1397,"2010","20421943","COQ5"
1398,"2010","20421943","COR1"
1399,"2010","20421943","CTR1"
1400,"2010","20421943","CWH43"
1401,"2010","20421943","DID2"
1402,"2010","20421943","DSS1"
1403,"2010","20421943","DUG2"
1404,"2010","20421943","ECM33"
1405,"2010","20421943","EUG1"
1406,"2010","20421943","EXO1"
1407,"2010","20421943","FAT1"
1408,"2010","20421943","FUM1"
1409,"2010","20421943","GEP3"
1410,"2010","20421943","GET2"
1411,"2010","20421943","GID8"
1412,"2010","20421943","GSG1"
1413,"2010","20421943","HER2"
1414,"2010","20421943","HMI1"
1415,"2010","20421943","HRD3"
1416,"2010","20421943","HTD2"
1417,"2010","20421943","HXT5"
1418,"2010","20421943","INO4"
1419,"2010","20421943","ISC1"
1420,"2010","20421943","JID1"
1421,"2010","20421943","KEX2"
1422,"2010","20421943","LAS21"
1423,"2010","20421943","LPD1"
1424,"2010","20421943","LSM6"
1425,"2010","20421943","MAK10"
1426,"2010","20421943","MCH5"
1427,"2010","20421943","MIS1"
1429,"2010","20421943","MON2"
1430,"2010","20421943","MRH4"
1431,"2010","20421943","MRP1"
1432,"2010","20421943","MRP51"
1433,"2010","20421943","MRPL11"
1434,"2010","20421943","MRPL22"
1435,"2010","20421943","MRPL24"
1436,"2010","20421943","MRPL32"
1437,"2010","20421943","MRPL38"
1438,"2010","20421943","MRS2"
1439,"2010","20421943","MSS116"
1440,"2010","20421943","MTC7"
1441,"2010","20421943","NAM2"
1442,"2010","20421943","NMD2"
1443,"2010","20421943","PAA1"
1444,"2010","20421943","PET112"
1445,"2010","20421943","PET117"
1446,"2010","20421943","PEX14"
1447,"2010","20421943","PEX2"
1448,"2010","20421943","PHO23"
1449,"2010","20421943","PPA2"
1450,"2010","20421943","PUN1"
1452,"2010","20421943","RAD10"
1453,"2010","20421943","RAD4"
1454,"2010","20421943","RPP2A"
1455,"2010","20421943","RRG7"
1456,"2010","20421943","RRG9"
1457,"2010","20421943","RSM18"
1458,"2010","20421943","RTC2"
1459,"2010","20421943","SAG1"
1460,"2010","20421943","SCP160"
1461,"2010","20421943","SEC66"
1462,"2010","20421943","SGF29"
1463,"2010","20421943","SHY1"
1464,"2010","20421943","SIP3"
1465,"2010","20421943","SPT8"
1466,"2010","20421943","SRO77"
1467,"2010","20421943","SSA4"
1469,"2010","20421943","SWE1"
1471,"2010","20421943","TAN1"
1472,"2010","20421943","THR4"
1473,"2010","20421943","TOS8"
1474,"2010","20421943","TRX1"
1475,"2010","20421943","UBC8"
1476,"2010","20421943","UPF3"
1477,"2010","20421943","VAC8"
1478,"2010","20421943","VAM10"
1479,"2010","20421943","VPS30"
1480,"2010","20421943","VPS38"
1481,"2010","20421943","VPS62"
1485,"2010","20421943","YDR049W"
1488,"2010","20421943","YIH1"
1490,"2010","20421943","ADA2"
1491,"2010","20421943","ALD3"
1492,"2010","20421943","ARD1"
1493,"2010","20421943","ATG12"
1494,"2010","20421943","ATG16"
1495,"2010","20421943","ATG18"
1496,"2010","20421943","ATG5"
1497,"2010","20421943","ATG8"
1498,"2010","20421943","CIT2"
1499,"2010","20421943","ECM34"
1500,"2010","20421943","FAR7"
1501,"2010","20421943","FET3"
1502,"2010","20421943","FMC1"
1503,"2010","20421943","FTR1"
1504,"2010","20421943","GCN4"
1505,"2010","20421943","HRD1"
1506,"2010","20421943","MDM20"
1507,"2010","20421943","NFU1"
1508,"2010","20421943","PHO2"
1509,"2010","20421943","PHO85"
1510,"2010","20421943","PMS1"
1511,"2010","20421943","POG1"
1512,"2010","20421943","PRX1"
1513,"2010","20421943","RIM11"
1514,"2010","20421943","RSF2"
1515,"2010","20421943","RTG1"
1516,"2010","20421943","RTG2"
1517,"2010","20421943","SIC1"
1518,"2010","20421943","SIF2"
1519,"2010","20421943","SKO1"
1520,"2010","20421943","SUR1"
1521,"2010","20421943","SWI6"
1522,"2010","20421943","SYC1"
1523,"2010","20421943","TCM62"
1524,"2010","20421943","VPS24"
1525,"2010","20421943","VPS41"
1526,"2010","20421943","ADE1"
1527,"2010","20421943","ADE12"
1528,"2010","20421943","ADE2"
1529,"2010","20421943","ADE3"
1530,"2010","20421943","ADE4"
1531,"2010","20421943","ADE5"
1532,"2010","20421943","ADE6"
1533,"2010","20421943","AMD1"
1534,"2010","20421943","APT1"
1535,"2010","20421943","BAS1"
1536,"2010","20421943","BNA2"
1537,"2010","20421943","EMI1"
1538,"2010","20421943","ERV2"
1539,"2010","20421943","FCY2"
1540,"2010","20421943","FCY21"
1541,"2010","20421943","HNM1"
1542,"2010","20421943","IDP1"
1543,"2010","20421943","MBA1"
1544,"2010","20421943","PCL7"
1545,"2010","20421943","PDR18"
1546,"2010","20421943","RAD55"
1547,"2010","20421943","SHM2"
1548,"2010","20421943","SPO22"
1549,"2010","20421943","SWC3"
1550,"2010","20421943","TGL3"
1551,"2010","20421943","UAF30"
1552,"2010","20421943","VPS5"
1553,"2010","20421943","VPS70"
1554,"2010","20421943","VPS75"
1555,"2010","20421943","YPL056C"
1597,"2010","20421943","AAH1"
1598,"2010","20421943","DCW1"
1599,"2010","20421943","FCY1"
1600,"2010","20421943","HPT1"
1601,"2010","20421943","HSE1"
1602,"2010","20421943","ISW1"
1603,"2010","20421943","MTD1"
1604,"2010","20421943","MUM2"
1605,"2010","20421943","RGT1"
1606,"2010","20421943","RGT2"
1607,"2010","20421943","RIM8"
1608,"2010","20421943","SAS4"
1609,"2010","20421943","SDS23"
1610,"2010","20421943","SHM1"
1611,"2010","20421943","SIP1"
1612,"2010","20421943","SNF3"
1613,"2010","20421943","SNX3"
1614,"2010","20421943","SNX41"
1615,"2010","20421943","USV1"
1616,"2010","20421943","YGL085W"
1617,"2010","20421943","YLR104W"
1618,"2010","20421943","ZWF1"
2083,"2010","20421943","GPA2 (Saccharomyces cerevisiae)"
2084,"2010","20421943","HAP4 (Saccharomyces cerevisiae)"
2085,"2010","20421943","RIM15"
2086,"2010","20421943","SNF1"
2087,"2010","20421943","SSD1 (Saccharomyces cerevisiae)"
2088,"2010","20421943","BCY1"
2089,"2010","20421943","FIS1"
2090,"2010","20421943","GCN5"
2091,"2010","20421943","SIR3"
2092,"2010","20421943","FOB1 (Saccharomyces cerevisiae)"
2093,"2010","20421943","GLN3 (Saccharomyces cerevisiae)"
2094,"2010","20421943","HXK2 (Saccharomyces cerevisiae)"
2095,"2010","20421943","TOR1"
2098,"2010","20421943","SIP2 (Saccharomyces cerevisiae)"
2099,"2010","20421943","SIR2"
2100,"2010","20421943","SIR4"
1556,"2010","20883526","ALT2"
1557,"2010","20883526","APM1"
1558,"2010","20883526","ARF1"
1559,"2010","20883526","CHD1"
1560,"2010","20883526","CLB1"
1561,"2010","20883526","CLB2"
1562,"2010","20883526","DBP1"
1563,"2010","20883526","ERG24"
1564,"2010","20883526","GSY2"
1565,"2010","20883526","HRT3"
1566,"2010","20883526","IDP2"
1567,"2010","20883526","INP53"
1568,"2010","20883526","LHS1"
1569,"2010","20883526","MRE11"
1570,"2010","20883526","MRT4"
1571,"2010","20883526","MSH2"
1572,"2010","20883526","NPL3"
1573,"2010","20883526","PTC5"
1574,"2010","20883526","RNR3"
1575,"2010","20883526","RPL37A"
1576,"2010","20883526","SGT2"
1577,"2010","20883526","SIZ1"
1578,"2010","20883526","SPE2"
1579,"2010","20883526","SSF1"
1580,"2010","20883526","SSN3"
1582,"2010","20883526","SYM1"
1583,"2010","20883526","TIF1"
1584,"2010","20883526","TIF2"
1585,"2010","20883526","TRX1"
1586,"2010","20883526","TWF1"
1587,"2010","20883526","UBC8"
1675,"2010","20883526","ATG18"
1676,"2010","20883526","CYC1"
1677,"2010","20883526","HAP3"
1678,"2010","20883526","HAT1"
1679,"2010","20883526","KGD1"
1680,"2010","20883526","LYS9"
1681,"2010","20883526","MSH6"
1682,"2010","20883526","MSW1"
1683,"2010","20883526","NCR1"
1684,"2010","20883526","NUP170"
1685,"2010","20883526","PIM1"
1686,"2010","20883526","PRY1"
1687,"2010","20883526","RPL13B"
1688,"2010","20883526","SHM1"
1689,"2010","20883526","YDC1"
1762,"2010","20883526","MAD2"
1763,"2010","20883526","ALG5"
1764,"2010","20883526","DIE2"
1765,"2010","20883526","HMT1"
1766,"2010","20883526","IBA57"
1767,"2010","20883526","LSB6"
1768,"2010","20883526","PCH2"
1769,"2010","20883526","PHO89"
1770,"2010","20883526","SSA3"
1771,"2010","20883526","UGA1"
1772,"2010","20883526","YTA7"
1813,"2010","20883526","CYS4"
1814,"2010","20883526","ALD4"
1815,"2010","20883526","DNF1"
1816,"2010","20883526","PDX3"
1817,"2010","20883526","PRS3"
1818,"2010","20883526","RNH201"
1819,"2010","20883526","UBC12"
2096,"2010","20883526","CHL1 (Saccharomyces cerevisiae)"
2103,"2010","20883526","GCN5"
2104,"2010","20883526","RAD27 (Saccharomyces cerevisiae)"
2105,"2010","20883526","RPL31A (Saccharomyces cerevisiae)"
2106,"2010","20883526","SOD2"
1588,"2008","19030232","DIF1"
1589,"2008","19030232","FMP46"
1590,"2008","19030232","GAS1"
1591,"2008","19030232","MRPL39"
1592,"2008","19030232","PAC10"
1593,"2008","19030232","PDA1"
1594,"2008","19030232","PPH3"
1595,"2008","19030232","SSN3"
1596,"2008","19030232","TPC1"
1634,"2008","19030232","EFT1"
1635,"2008","19030232","FIN1"
1636,"2008","19030232","IPT1"
1637,"2008","19030232","RPS27B"
1638,"2008","19030232","RTT107"
1639,"2008","19030232","SIP18"
1640,"2008","19030232","SWF1"
1643,"2008","19030232","YLR426W"
1656,"2008","19030232","BSC2"
1657,"2008","19030232","LYS9"
1658,"2008","19030232","SEC28"
1659,"2008","19030232","SWI5"
1660,"2008","19030232","TAL1"
1661,"2008","19030232","TIF1"
1690,"2008","19030232","ADA2"
1691,"2008","19030232","AKR1"
1692,"2008","19030232","COX23"
1693,"2008","19030232","DOA4"
1694,"2008","19030232","RRG1"
1695,"2008","19030232","SWC5"
1696,"2008","19030232","TVP15"
1697,"2008","19030232","TVP23"
1698,"2008","19030232","VID22"
1699,"2008","19030232","YLR445W"
1706,"2008","19030232","APL2"
1707,"2008","19030232","ARP1"
1708,"2008","19030232","ATP18"
1709,"2008","19030232","CSG2"
1711,"2008","19030232","FMP16"
1712,"2008","19030232","LST7"
1713,"2008","19030232","SAC6"
1714,"2008","19030232","SHG1"
1715,"2008","19030232","UME6"
1716,"2008","19030232","VPS41"
1717,"2008","19030232","WHI2"
1719,"2008","19030232","YDR049W"
1750,"2008","19030232","BAS1"
1751,"2008","19030232","INP54"
1773,"2008","19030232","BOI2"
1774,"2008","19030232","CLA4"
1775,"2008","19030232","CRC1"
1776,"2008","19030232","CYC1"
1777,"2008","19030232","GIS1"
1778,"2008","19030232","PIB1"
1779,"2008","19030232","RAD55"
1780,"2008","19030232","RTN1"
1781,"2008","19030232","SLA1"
1782,"2008","19030232","TOP1"
1783,"2008","19030232","VAM3"
1786,"2008","19030232","YGR071C"
1820,"2008","19030232","ADR1"
1821,"2008","19030232","CLB1"
1822,"2008","19030232","GIN4"
1823,"2008","19030232","GPX2"
1824,"2008","19030232","IPK1"
1825,"2008","19030232","ISW1"
1826,"2008","19030232","LIN1"
1827,"2008","19030232","LOC1"
1828,"2008","19030232","MTC5"
1830,"2008","19030232","YPC1"
1841,"2008","19030232","RGS2"
1853,"2008","19030232","INM2"
1854,"2008","19030232","OMA1"
1855,"2008","19030232","RPL20A"
1884,"2008","19030232","GLK1"
1885,"2008","19030232","INP51"
1886,"2008","19030232","MSW1"
1887,"2008","19030232","NTH1"
1888,"2008","19030232","SPC72"
1912,"2008","19030232","GCN4"
1913,"2008","19030232","IDP3"
1914,"2008","19030232","IDP3"
1915,"2008","19030232","NMD4"
1916,"2008","19030232","NMD4"
1917,"2008","19030232","PHD1"
1918,"2008","19030232","RIM1"
1919,"2008","19030232","SSF1"
1920,"2008","19030232","TIF4631"
1921,"2008","19030232","TOM1"
1922,"2008","19030232","VHS1"
1923,"2008","19030232","YOS9"
1983,"2008","19030232","ABP1"
1984,"2008","19030232","ABP1"
1985,"2008","19030232","ELP4"
1986,"2008","19030232","GCN2"
1987,"2008","19030232","INM1"
1988,"2008","19030232","INM1"
1989,"2008","19030232","MRS4"
1990,"2008","19030232","RAD34"
1991,"2008","19030232","RPL20B"
1992,"2008","19030232","RPL37B"
1993,"2008","19030232","RRM3"
1994,"2008","19030232","RVS161"
1995,"2008","19030232","RVS161"
1996,"2008","19030232","SOK1"
1997,"2008","19030232","SPS1"
1998,"2008","19030232","TAF14"
1999,"2008","19030232","TAF14"
2000,"2008","19030232","TMA19"
2003,"2008","19030232","YPT6"
2097,"2008","19030232","GLN3 (Saccharomyces cerevisiae)"
2101,"2008","19030232","SIP2 (Saccharomyces cerevisiae)"
2102,"2008","19030232","URE2 (Saccharomyces cerevisiae)"
2108,"2008","19030232","RAS1"
2115,"2008","19030232","MTC4 (Saccharomyces cerevisiae)"
2116,"2008","19030232","YBR238C (Saccharomyces cerevisiae)"
2118,"2008","19030232","IDH2"
2119,"2008","19030232","RPL31A (Saccharomyces cerevisiae)"
2120,"2008","19030232","SNF1"
2137,"2008","19030232","FOB1 (Saccharomyces cerevisiae)"
2138,"2008","19030232","REI1"
2139,"2008","19030232","ROM2"
2140,"2008","19030232","RPL6B (Saccharomyces cerevisiae)"
2141,"2008","19030232","TOR1"
1619,"2008","18340043","ATG1"
1620,"2008","18340043","CYC3"
1621,"2008","18340043","EGD2"
1622,"2008","18340043","NRK1"
1623,"2008","18340043","PFA5"
1624,"2008","18340043","SWC3"
1625,"2008","18340043","SWD1"
1626,"2008","18340043","SYH1"
1628,"2008","18340043","YPK1"
1645,"2008","18340043","CAT5"
1646,"2008","18340043","FIG4"
1647,"2008","18340043","FOX2"
1648,"2008","18340043","MRS4"
1649,"2008","18340043","QCR7"
1650,"2008","18340043","SWF1"
1651,"2008","18340043","TFP1"
1652,"2008","18340043","WSC4"
1653,"2008","18340043","YUH1"
1665,"2008","18340043","AKL1"
1666,"2008","18340043","BPT1"
1667,"2008","18340043","BSC1"
1668,"2008","18340043","HRB1"
1670,"2008","18340043","RPL19B"
1671,"2008","18340043","YKL105C"
1701,"2008","18340043","ESC2"
1702,"2008","18340043","NPL3"
1704,"2008","18340043","VRP1"
1720,"2008","18340043","AKR1"
1721,"2008","18340043","ARP1"
1723,"2008","18340043","DUN1"
1724,"2008","18340043","PEP12"
1725,"2008","18340043","PFA3"
1726,"2008","18340043","PUB1"
1727,"2008","18340043","RPL6A"
1728,"2008","18340043","SAC1"
1729,"2008","18340043","TPK1"
1755,"2008","18340043","AGC1"
1756,"2008","18340043","LSB1"
1757,"2008","18340043","PRK1"
1788,"2008","18340043","AAC3"
1789,"2008","18340043","CLA4"
1790,"2008","18340043","DAS2"
1791,"2008","18340043","DBF2"
1792,"2008","18340043","IDP1"
1794,"2008","18340043","PIN3"
1795,"2008","18340043","PKH1"
1796,"2008","18340043","RIP1"
1797,"2008","18340043","RPL4A"
1798,"2008","18340043","SDP1"
1799,"2008","18340043","VID30"
1831,"2008","18340043","CST26"
1832,"2008","18340043","GIN4"
1833,"2008","18340043","LSB3"
1834,"2008","18340043","SET2"
1835,"2008","18340043","SWD3"
1836,"2008","18340043","YPT7"
1842,"2008","18340043","TOS8"
1856,"2008","18340043","ATP1"
1857,"2008","18340043","FUN12"
1858,"2008","18340043","PHO2"
1859,"2008","18340043","RPS11A"
1860,"2008","18340043","RPS6A"
1861,"2008","18340043","SKM1"
1862,"2008","18340043","STE11"
1863,"2008","18340043","TPM1"
1864,"2008","18340043","WHI3"
1890,"2008","18340043","CDH1"
1891,"2008","18340043","CTK1"
1893,"2008","18340043","INP51"
1894,"2008","18340043","PHO85"
1895,"2008","18340043","TPK3"
1896,"2008","18340043","VMA2"
1898,"2008","18340043","YME1"
1899,"2008","18340043","YPL009C"
1900,"2008","18340043","ZIP1"
1924,"2008","18340043","ACO2"
1925,"2008","18340043","ACO2"
1926,"2008","18340043","ADH1"
1927,"2008","18340043","AFG3"
1928,"2008","18340043","ARK1"
1929,"2008","18340043","ARK1"
1930,"2008","18340043","ATP4"
1931,"2008","18340043","CTH1"
1932,"2008","18340043","IDP3"
1933,"2008","18340043","IDP3"
1934,"2008","18340043","INP54"
1935,"2008","18340043","INP54"
1936,"2008","18340043","MRPL4"
1937,"2008","18340043","MRPL4"
1938,"2008","18340043","PKH3"
1939,"2008","18340043","RPL19A"
1940,"2008","18340043","RPL9A"
1941,"2008","18340043","RPL9B"
1942,"2008","18340043","SAL1"
1943,"2008","18340043","SAM1"
1944,"2008","18340043","TIF4631"
1945,"2008","18340043","TIF4632"
1947,"2008","18340043","YVH1"
2009,"2008","18340043","ABP1"
2010,"2008","18340043","ABP1"
2011,"2008","18340043","ALG12"
2012,"2008","18340043","ASF1"
2013,"2008","18340043","BUG1"
2014,"2008","18340043","BUG1"
2017,"2008","18340043","DBP3"
2018,"2008","18340043","ERG5"
2019,"2008","18340043","ETR1"
2020,"2008","18340043","GCN2"
2021,"2008","18340043","HSE1"
2022,"2008","18340043","IDH1"
2023,"2008","18340043","IDP2"
2024,"2008","18340043","IDP2"
2025,"2008","18340043","INP53"
2026,"2008","18340043","ISM1"
2027,"2008","18340043","ISM1"
2028,"2008","18340043","KAR3"
2029,"2008","18340043","MTM1"
2030,"2008","18340043","MTM1"
2031,"2008","18340043","NST1"
2032,"2008","18340043","NST1"
2033,"2008","18340043","PKH2"
2034,"2008","18340043","PMR1"
2035,"2008","18340043","RPS26B"
2036,"2008","18340043","SCP160"
2037,"2008","18340043","SCP160"
2038,"2008","18340043","SIS2"
2039,"2008","18340043","SLX8"
2040,"2008","18340043","SLX8"
2041,"2008","18340043","SPS19"
2042,"2008","18340043","SPT4"
2043,"2008","18340043","TIF1"
2044,"2008","18340043","TIF2"
2045,"2008","18340043","TIS11"
2046,"2008","18340043","TOS3"
2047,"2008","18340043","TOS3"
2048,"2008","18340043","VPH1"
2049,"2008","18340043","VPH1"
2050,"2008","18340043","VPS34"
2052,"2008","18340043","YPT6"
2053,"2008","18340043","ZTA1"
2054,"2008","18340043","ZTA1"
2107,"2008","18340043","ATP2"
2109,"2008","18340043","SCH9"
2121,"2008","18340043","IDH2"
2122,"2008","18340043","RPL6B (Saccharomyces cerevisiae)"
1629,"2008","18423200","RPS0B"
1630,"2008","18423200","RPS21B"
1631,"2008","18423200","RPS24B"
1632,"2008","18423200","RPS27A"
1633,"2008","18423200","RPS27B"
1654,"2008","18423200","RPS1B"
1655,"2008","18423200","RPS24A"
1672,"2008","18423200","RPL12B"
1673,"2008","18423200","RPL1B"
1674,"2008","18423200","RPL4A"
1730,"2008","18423200","RPL17B"
1731,"2008","18423200","RPL34A"
1732,"2008","18423200","RPL6A"
1733,"2008","18423200","RPS4B"
1734,"2008","18423200","RPS7A"
1759,"2008","18423200","RPL13A"
1760,"2008","18423200","RPL21A"
1761,"2008","18423200","RPP2A"
1801,"2008","18423200","RPL19B"
1802,"2008","18423200","RPL33B"
1803,"2008","18423200","RPL35B"
1804,"2008","18423200","RPL8B"
1837,"2008","18423200","RPP1B"
1838,"2008","18423200","RPS17A"
1839,"2008","18423200","RPS4A"
1844,"2008","18423200","RPL12A"
1845,"2008","18423200","RPL37B"
1865,"2008","18423200","RPL20A"
1866,"2008","18423200","RPS11A"
1867,"2008","18423200","RPS6A"
1948,"2008","18423200","RPL19A"
1949,"2008","18423200","RPL9A"
1950,"2008","18423200","RPL9B"
2055,"2008","18423200","RPL20B"
2056,"2008","18423200","RPL21B"
2057,"2008","18423200","RPL22A"
2058,"2008","18423200","RPL23A"
2059,"2008","18423200","RPL29"
2060,"2008","18423200","RPL34B"
2061,"2008","18423200","RPL39"
2062,"2008","18423200","RPL43A"
2063,"2008","18423200","RPL43B"
2064,"2008","18423200","RPL7A"
2065,"2008","18423200","RPP1A"
2066,"2008","18423200","RPP2B"
2123,"2008","18423200","RPL31A (Saccharomyces cerevisiae)"
2124,"2008","18423200","RPL6B (Saccharomyces cerevisiae)"
1846,"2008","18809618","PET9"
1847,"2008","18162582","ISC1"
1849,"2009","19801973","SAP30"
1850,"2009","19801973","SDS3"
1851,"2009","19801973","SPT10"
1875,"2009","19801973","ELP3"
1876,"2009","19801973","HDA2"
1877,"2009","19801973","IKI3"
1878,"2009","19801973","SAS3"
1879,"2009","19801973","SGF73"
1969,"2009","19801973","HDA1"
2113,"2009","19801973","GCN5"
1852,"2010","19618123","ACS2"
1868,"2007","17110466","BNA6"
1869,"2007","17110466","PNC1"
2112,"2007","17110466","NPT1"
1870,"2008","18381895","AAT1"
1871,"2008","18381895","AAT2"
1872,"2008","18381895","GUT2"
1873,"2008","18381895","MDH1"
1874,"2008","18381895","MDH2"
2114,"2009","19049972","MXR1"
1889,"2006","16806052","TMA19"
1901,"2008","18690010","VAC8"
1951,"2008","18690010","ATG15"
1952,"2008","18690010","ATG17"
1953,"2008","18690010","ERG6"
1954,"2008","18690010","NYV1"
1955,"2008","18690010","VAM7"
1956,"2008","18690010","YPT7"
2067,"2008","18690010","VAM3"
1902,"2009","19302372","ATG1"
1903,"2009","19302372","ATG7"
1904,"2009","19302372","LEU2"
1905,"2009","19302372","LEU3"
1906,"2007","17492370","ATP1"
1907,"2007","17492370","ATP3"
1908,"2007","17492370","CAT5"
1909,"2007","17492370","YME1"
1957,"2006","16608876","BIR1"
1958,"2006","16608876","NMA111"
1959,"2009","19805817","BMH1"
1960,"2009","19805817","BMH2"
2068,"2009","19805817","BMH1"
1961,"2006","16527275","IPT1"
1962,"2006","16527275","SKN1"
1963,"2008","18500447","YDC1"
1964,"2008","18500447","YDC1"
1967,"2005","16435200","YHC3"
1968,"2004","15130665","YFH1"
1970,"2010","20657593","CTR1"
1971,"2010","20657593","CTR1"
1972,"2010","20657593","TPO1"
1973,"2010","20657593","TPO1"
1974,"2010","20657593","YOR1"
1975,"2010","20657593","YOR1"
1976,"2004","14729974","PNC1"
1977,"2009","19239415","PGA3"
1979,"2009","19303850","PCK1"
1980,"2010","20141839","BEM1"
1981,"2010","20141839","BNI1"
1982,"2010","20141839","RVS161"
2004,"2010","20696905","CTA1"
2005,"2010","20696905","CTA1"
2006,"1996","8824190","CDC13"
2143,"1996","8824190","TLC1 (Saccharomyces cerevisiae)"
2008,"2008","18660802","BUD6"
2069,"2010","20550517","FZF1"
2070,"2010","20550517","UGA3"
2071,"2010","20550517","URH1"
2072,"2007","17403371","TOR1"
2074,"2005","15659212","Sod1"
2076,"2006","16710639","PHB2 (Saccharomyces cerevisiae)"
2077,"2003","12855292","SCH9"
2078,"2001","11389927","SGS1 (Saccharomyces cerevisiae)"
2111,"2002","12882345","PHB2 (Saccharomyces cerevisiae)"
2144,"2002","12882345","PHB1 (Saccharomyces cerevisiae)"
2128,"2005","16286010","SIR2"
2129,"2002","11805047","MPT5 (Saccharomyces cerevisiae)"
2134,"2009","19570907","SSD1 (Saccharomyces cerevisiae)"
2136,"2009","19164565","SNF1"
2145,"2007","17172436","MPT5 (Saccharomyces cerevisiae)"
2154,"2009","19797661","Rps6kb1"
2156,"2009","19117549","Pparg"
2157,"2011","21700873","NDT80"
2159,"2010","20832724","HIR1"
2160,"2010","20832724","HIR2"
2161,"2010","20832724","HIR3"
2162,"2012","22265419","ddl-1"
2163,"2012","22265419","ddl-2"
2164,"2011","22012258","ash-2"
2165,"2011","22012258","wdr-5.1"
2166,"2011","22012258","set-2"
2167,"2011","22055505","Spargel"
2168,"2009","19375320","ttx-1 (Caenorhabditis elegans)"
2169,"2009","19804760","Thor"
882,"2009","20011587","adr-1"
883,"2009","20011587","adr-2"
2170,"2012","22912585","DAP2"
2171,"2012","22912585","OPT2"
2172,"2012","22912585","RCR2"
2173,"2012","22912585","VPS20"
2174,"2012","22912585","GTR1"
2175,"2012","22912585","FRE6"
2125,"2007","17482543","NPT1"
2177,"2011","21803287","utx-1"
2178,"2012","22253756","mfn-1"
2179,"2012","22232551","tdp-1"
2180,"2012","22359667","vang-1"
2181,"2011","22185090","hpl-2"
2182,"2010","20346072","nuo-6"
2183,"2009","19079239","rheb-1"
2184,"2012","22935001","Ilp6"
2185,"2013","23870130","pme-1"
2186,"2011","21317884","atx-3"
2187,"2011","21317884","cdc-48.1"
2188,"2013","23832353","php2"
2189,"2012","22922647","rpn-6.1"
2190,"2012","23144747","T23D8.3"
2191,"2012","23144747","rps-14"
2192,"2012","23144747","lin-5"
2193,"2012","23144747","rnr-2"
2194,"2012","23144747",""
2195,"2012","23144747","rps-12"
2196,"2012","23144747","emb-27"
2197,"2012","23144747","F09F7.3"
2198,"2012","23144747","aps-1"
2199,"2012","23144747","chn-1"
2200,"2012","23144747","mel-28"
2201,"2012","23144747","hmg-4"
2202,"2012","23144747","asb-1"
2203,"2012","23144747","rpb-8"
2204,"2012","23144747","rsr-1"
2205,"2012","23144747","C47D12.2"
2206,"2012","23144747","gpd-3"
2207,"2012","23144747","rpa-1"
2208,"2012","23144747","nhr-23"
2209,"2012","23144747","pcf-11"
2210,"2012","23144747","rpn-11"
2211,"2012","23144747","cdtl-7"
2212,"2012","23144747","dpy-27"
2213,"2012","23144747","gei-4"
2214,"2012","23144747","pat-3"
2215,"2012","23144747","rpt-1"
2216,"2012","23144747","snap-1"
2217,"2012","23144747","snap-29"
2218,"2010","20417156","Lnk"
2219,"2012","23144747","sptf-3"
2220,"2012","23144747","rab-5"
2221,"2012","23271974","egl-27"
2222,"2011","21930912","Cbs"
2223,"2013","23349637","tert"
2224,"2013","23415228","trpa-1"
2225,"2011","21612665","Eif5a2"
2226,"2011","21262768","Cdc14b"
2227,"2010","20219983","Mif"
2228,"2012","22291164","Dgat1"
2229,"2010","19880816","Gsta4"
2230,"2006","16585059","Mt1"
2231,"2012","23066506","Fgf21"
2232,"2012","22987635","Trp73"
2233,"2013","22976834","Htra2"
2234,"2013","23698443","mrps-5"
2235,"2013","23698443","nkcc-1"
2236,"2013","23698443","mrpl-2"
2237,"2013","23698443","mrpl-37"
2238,"2013","23549082","Gsk3a"
2239,"2013","23648059","NUDT1"
2240,"2013","23994476","Mtor"
2241,"2013","23935948","Akt1"
2242,"2013","23636330","Ikbkb"
2243,"2012","22222206","Sqstm1"
2244,"2012","22505032","Cdk7"
2245,"2012","22733568","Grn"
2246,"2010","21109196","Ncor2"
2247,"2012","22291607","Su(var)205"
2248,"2012","22291607","Su(var)205"
2249,"2012","22291607","Stat92E"
2250,"2012","22291607","hop"
2251,"2012","22291607","hop"
2252,"2011","21713031","ceh-23"
2253,"2010","20975665","Sirt1"
2254,"2013","23698443","F33D4.5"
2255,"2012","22367546","Sirt6"
2256,"2013","23242215","Bub1b"
2257,"2013","24011076","Sirt1"
2258,"2013","23935948","akt-1"
2259,"2013","23935948","daf-18"
2260,"2013","23935948","rps-11"
2261,"2011","21713031","dve-1"
2262,"2011","21713031","lin-40"
2263,"2011","21713031","nhr-49"
2264,"2011","21713031","ceh-20"
2265,"2011","21713031","lin-11"
2266,"2011","21713031","nhr-77"
2267,"2011","21713031","zfh-2"
2268,"2011","21713031","nhr-119"
2269,"2011","21713031","ceh-37"
2270,"2011","21713031","aha-1"
2271,"2011","21713031","ets-9"
2272,"2011","21713031","nhr-25"
2273,"2011","21713031","nhr-265"
2274,"2011","21108726","ImpL2"
2275,"2011","22014527","p38b"
2276,"2011","22014527","Mpk2"
2277,"2010","20306265",""
2278,"2011","21549315","SOV1"
2279,"2011","21549315","CBS1"
2280,"2011","21549315","SUV3"
2281,"2011","21549315","CBS1"
2282,"2011","21549315","CBP6"
2283,"2011","21549315","PET127"
2284,"2011","21549315","PET309"
2285,"2012","22622083","OSH6"
2286,"2012","22622083","HES1"
2287,"2012","22927396","C28H8.11"
2288,"2013","23650379","park"
2289,"2013","23791175","xbp-1"
2290,"2013","24077178","B0303.2"
2291,"2013","23312286","SNF1A"
2292,"2013","23312286","SNF1A"
2293,"2012","22040003","Rpi"
2294,"2013","24175087","GHRH"
2295,"2011","21713031","ceh-23"
2296,"2010","20620993","eak-7"
2297,"2011","21549315","DSS1"
2298,"2011","21549315","AEP1"
2299,"2010","20089120","NDI1"
2300,"2010","20089120","NDI1"
2301,"2013","23173729","LLC1.3"
2302,"2013","23765091","Sir2"
2303,"2013","24077178","sir-2.1"
2304,"2011","21906795","SIP2"
2305,"2012","22737090","aakg-2"
2306,"2011","21873593","Txn1"
2307,"2011","21938067","sir-2.1"
2308,"2011","21938067","Sir2"
1069,"2006","17159295","Sir2 (Drosophila melanogaster)"
2309,"2007","17571923","Indy"
1375,"2010","20657825","YOR052C"
1374,"2010","20657825","YNL190W"
1627,"2008","18340043","YMR166C"
1377,"2010","20657825","YPL225W"
1758,"2008","18340043","YMR010W"
1754,"2008","19030232","YER187W"
1753,"2008","19030232","YER186C"
1752,"2008","19030232","PMT7"
1378,"2010","20657825","YPR153W"
2051,"2008","18340043","YGR130C"
1367,"2010","20657825","YJL147C"
1364,"2010","20657825","YGR053C"
1365,"2010","20657825","YHL008C"
1362,"2010","20657825","YGL010W"
1363,"2010","20657825","YGL235W"
1784,"2008","19030232","VMA21"
1785,"2008","19030232","VMA6"
1787,"2008","19030232","YLR422W"
1848,"2009","19801973","RXT2"
1800,"2008","18340043","YSC84"
1946,"2008","18340043","YPR011C"
1700,"2008","19030232","YNR066C"
1705,"2008","19030232","ANS1"
1234,"2010","20657825","GPB1"
1238,"2010","20657825","HFA1"
1483,"2010","20421943","YBR284W"
1482,"2010","20421943","YBR056W"
1487,"2010","20421943","YGR250C"
1486,"2010","20421943","YGL235W"
1484,"2010","20421943","YCP4"
1489,"2010","20421943","YKL023W"
1710,"2008","19030232","CYT2"
1718,"2008","19030232","YBR225W"
1829,"2008","19030232","YDR132C"
1722,"2008","18340043","CYT2"
1371,"2010","20657825","YMR099C"
1370,"2010","20657825","YMR084W"
1581,"2010","20883526","SSO1"
1218,"2010","20657825","CYT2"
1897,"2008","18340043","YIA6"
1205,"2010","20657825","CAJ1"
1357,"2010","20657825","YBR056W"
1451,"2010","20421943","QRI5"
1843,"2008","18340043","YMR018W"
1470,"2010","20421943","SYS1"
1793,"2008","18340043","MIR1"
1703,"2008","18340043","NSR1"
1468,"2010","20421943","SSO2"
1336,"2010","20657825","SYS1"
1333,"2010","20657825","SSP120"
1892,"2008","18340043","CUP9"
2002,"2008","19030232","YDR124W"
2001,"2008","19030232","YDR124W"
2176,"2012","22912585","YPQ1"
1265,"2010","20657825","MOH1"
1669,"2008","18340043","RFX1"
1664,"2008","19030232","YSC84"
1663,"2008","19030232","YGL235W"
1662,"2008","19030232","YDR248C"
1882,"2009","19049972","YKL069W"
2015,"2008","18340043","CYT1"
2016,"2008","18340043","CYT1"
1376,"2010","20657825","YPL150W"
1748,"2010","20657825","YOR012W"
1644,"2008","19030232","YLR460C"
1641,"2008","19030232","YDR089W"
1642,"2008","19030232","YDR262W"
1742,"2010","20657825","MNS1"
1428,"2010","20421943","MNE1"
1359,"2010","20657825","YCR043C"
1358,"2010","20657825","YCP4"
1366,"2010","20657825","YIL077C"
1360,"2010","20657825","YCR050C"
1361,"2010","20657825","YDL057W"
1369,"2010","20657825","YLR312C"
322,"2007","17895430","Gpx4"
2310,"2011","21776417","loco"
2155,"2009","19536287","Prkar2b"
2311,"1997","9197240","Ercc1"
2312,"2014","24778222","Serpine1"
2313,"2011","22953029","Ercc1"
2314,"2014","25059582","Rictor"
2315,"2013","23640107",""
2316,"2015","25635753","CG42358"
2317,"2015","25635753","CG42358"
2318,"2015","25635753","RCM1"
2319,"2013","23874875","mug80"
2320,"2013","23874875","pef1"
2321,"2012","22958919","dcr-1"
2322,"2011","22216232","TCB3"
2323,"2011","22216232","SNA3"
2324,"2011","22216232","PST2"
2325,"2013","23939249","Atg5"
2326,"2014","24391512","ERO1"
2327,"2014","24391512","MPD1"
2328,"2014","24391512","DER1"
2329,"2014","24391512","UBX2"
2330,"2014","24391512","ALG3"
2331,"2014","24391512","OST3"
2332,"2014","24391512","BST1"
2333,"2015","24835838","HCM1"
2334,"2014","25239873","Gdf15"
2335,"2015","25635513","pch-2"
2336,"2009","19164523","ctbp-1"
2337,"2014","25474322","Mrp4"
2338,"2014","25474322","Mrp4"
2339,"2014","24286221","ndg-4"
2340,"2015","25619689","Myc"
2341,"2013","23172930","Ctf1"
2342,"2013","23318476","sesn-1"
2343,"2013","23318476","sesn-1"
2344,"2015","25186652","atf-6"
2345,"2014","24882005","myo"
2346,"2015","25554789","lipl-4"
2347,"2015","25554789","lbp-8"
2348,"2014","24586198","RPS10B"
2349,"2014","25106098","Coq7"
2350,"2011","22216232","YGR130C"
2351,"2014","24391512","EUG1"
2352,"2014","24391512","HRD1"
2353,"2014","24391512","ALG12"
2354,"2014","24391512","DIE2"
2355,"2014","24882005","Mnt"
2356,"2013","23247094","frh-1"
2357,"2014","24586198","RPS4B"
2358,"2014","24586198","RPS24A"
2359,"2014","24586198","RPS18B"
2360,"2014","24586198","RCY1"
2361,"2014","24586198","ALD6"
2362,"2014","24586198","LSC1"
2363,"2014","24586198","LSC2"
2364,"2014","24586198","STF1"
2365,"2014","24586198","UBP14"
2366,"2014","24586198","AQR1"
2367,"2014","24586198","CYB5"
2368,"2014","24586198","NEW1"
2369,"2014","24586198","RRP8"
2370,"2014","24586198","SPP1"
2371,"2014","24586198","YAK1"
2372,"2013","23692984","spr-3"
2373,"2013","23524941","pak-1"
2374,"2013","24038661","NDI1"
2375,"2013","24243023","ND75"
2376,"2013","24244197","daw"
2377,"2013","24244197","GlyP"
2378,"2013","24244197","Tsp42Ef"
2379,"2013","24244197","dpp"
2380,"2013","24244197","Mad"
2381,"2013","24244197","Smox"
2382,"2013","24244197","babo"
2383,"2013","23815345","let-418"
2384,"2014","24531613","mdl-1"
2385,"2014","25199830","Atg1"
2386,"2015","25601460","CG11165"
2387,"2014","24400780","Ilk"
2388,"2013","24153335","GRE3"
2389,"2013","24024580","fgt-1"
2390,"2014","24613847","kra"
2391,"2014","24606900","ACH1"
2392,"2014","24606900","MPC1"
2393,"2014","24855027","MCA1"
2394,"2014","24607280","SET1"
2395,"2014","24607280","DOT1"
2396,"2014","25059425","GlyS"
2397,"2014","25437839","sptl-1"
2398,"2014","24586198","LEU3"
2399,"2014","24586198","GLK1"
2400,"2014","24586198","ADE5"
2401,"2014","24586198","ERG6"
2402,"2013","23121290","mth"
2403,"2013","23121290","mth"
2404,"2014","23873963","Igf1"
2405,"2014","25199830","SNF1A"
2406,"2014","24400780","mys"
2407,"2013","24153335","ADH2"
2408,"2014","24304470","lin-40"
2409,"2014","24607280","SET2"
2410,"2014","25437839","ttm-5"
2411,"2014","25437839","cgt-2"
2412,"2014","24292624","ppk23"
2413,"2014","24292624","NPF"
2414,"2014","24821805","ppk28"
2415,"2014","24855942","Trpv1"
2416,"2014","24977274","CG2789"
2417,"2014","24889782","inaE"
2418,"2014","24889782","rdgA"
2419,"2014","24889782","dagl-2"
2420,"2014","24889782","dgk-5"
2421,"2014","25136348","rec-8"
2422,"2014","25136348","REC8"
2423,"2014","24726357","REG1"
2424,"2014","25521617","TAT2"
2425,"2012","23097426","pash-1"
2426,"2009","19633713","hif-1"
2427,"2009","19461873","hif-1"
2428,"2009","19372390","hif-1"
2429,"2014","24662282","atfs-1"
2430,"2014","24662282","Y24D9A.8"
2431,"2014","24662282","letm-1"
2432,"2014","24662282","let-630"
2433,"2014","24662282","F02A9.4"
2434,"2014","24662282","wah-1"
2435,"2014","24662282","Y54G9A.7"
2436,"2014","24662282","lpd-9"
2437,"2014","24662282","timm-23"
2438,"2014","24662282","E04A4.5"
2439,"2014","24662282","F45G2.8"
2440,"2014","24662282","dnj-21"
2441,"2014","24662282","tin-44"
2442,"2014","24662282","tomm-22"
2443,"2013","23931753","nhr-8"
2444,"2011","21791575","Adra1a"
2445,"2014","24994537","Adra1b"
2446,"2013","24040302","dm"
2447,"2014","24960204","Nfkb1"
2448,"2014","25324391","pat-10"
2449,"2014","24706839","Ubd"
2450,"2003","12750521","hsp-12.6"
2451,"2014","24726357","MKS1"
2452,"2004","15574588","aak-2"
2453,"2014","24336818","Shc1"
2454,"2014","24639560","Lmna"
2455,"2014","24639560","Lmna"
2456,"2014","23898955","Igf1r"
2457,"2014","25324391","hsf-1"
2458,"2003","12750521","hsp-16.1"
2459,"2003","12750521","hsp-16.49"
2460,"2003","12750521","sip-1"
2461,"2003","12845331","gcy-18"
2462,"2012","22997544","fabp"
2463,"2012","22997544","CG13890"
2464,"2014","24655420","drl-1"
2465,"2014","24785424","MET17"
2466,"2014","24814484","ISW2"
2467,"2014","24814484","ITC1"
2468,"2014","24814484","DLS1"
2469,"2014","24814484","DPB4"
2470,"2014","24805825","klf-1"
2471,"2015","25542313","cth-1"
2472,"2015","25542313","cth-2"
2473,"2015","25542313","cbs-1"
2474,"2015","25542313","MET5"
2475,"2015","25542313","MET14"
2476,"2015","25542313","MET16"
2477,"2014","24440036","alh-6"
2478,"2014","24440036","alh-6"
2479,"2014","25512531","Rbm38"
2480,"2015","25511696","Men"
2481,"2015","25395451","pbs-5"
2482,"2014","25040785","rict-1"
2483,"2014","24463365","par1"
2484,"2014","24463365",""
2485,"2014","24463365","sck2"
2486,"2014","24463365","lys7"
2487,"2014","24463365",""
2488,"2014","24463365","ndk1"
2489,"2014","24463365","ksp1"
2490,"2014","24463365",""
2491,"2014","24463365",""
2492,"2014","24463365","pep7"
2493,"2014","24463365",""
2494,"2014","24463365","ppr1"
2495,"2014","24463365","sdh1"
2496,"2014","24463365","atg20"
2497,"2014","24463365","shd1"
2498,"2014","24463365",""
2499,"2014","24463365",""
2500,"2014","24463365","car2"
2501,"2014","24463365",""
2502,"2014","24463365","moc3"
2503,"2014","24463365","reb1"
2504,"2014","24463365",""
2505,"2014","24785424","MET2"
2506,"2014","24814484","CHD1"
2507,"2009","19553937","wwp-1"
2508,"2014","24341939","Igf1"
2509,"2014","25456848","ctbp-1"
2510,"2014","24463365","zrg17"
2511,"2014","24463365","sdh4"
2512,"2014","24463365",""
2513,"2014","24463365",""
2514,"2013","24385923","tatn-1"
2515,"2014","23957394","Col1a1"
2516,"2012","22653599","Pink1"
2517,"2012","22245785","mics-1"
2518,"2012","22245785","atad-3"
2519,"2011","21703546","Coq2"
2520,"2011","21931558","RPT1"
2521,"2011","21931558","RPT2"
2522,"2011","21931558","RPT3"
2523,"2011","21931558","RPT5"
2524,"2011","21931558","RPT6"
2525,"2011","21931558","UBP6"
2526,"2011","21931558","PRE9"
2527,"2011","21931558","UBR2"
2528,"2011","21931558","MUB1"
2529,"2010","20624915","mek-2"
2530,"2010","20624915","lip-1"
2531,"2007","17660533","Cbr-daf-2"
2532,"2006","16651656","mdt-15"
2533,"2012","22103665","rps-16"
2534,"2012","22103665","C34B2.6"
2535,"2012","22103665","his-37"
2536,"2012","22103665","dlat-1"
2537,"2012","22103665","F01G4.6"
2538,"2012","22103665","pyc-1"
2539,"2012","22103665","mdh-1"
2540,"2012","22103665","eef-1A.1"
2541,"2012","22103665","rps-0"
2542,"2012","22103665","tbb-2"
2543,"2012","22103665","rla-0"
2544,"2012","22103665","rpl-23"
2545,"2012","22103665","rps-20"
2546,"2012","22103665","rpl-31"
2547,"2012","22103665","F09F7.4"
2548,"2014","24134677","rbr-2"
2549,"2007","18089799","Trp53"
2550,"2011","21931558","UMP1"
2551,"2011","21931558","RPN4"
2552,"2011","21931558","TOM1"
2553,"2010","20624915","mpk-1"
2554,"2012","22103665","aco-2"
2555,"2012","22103665","rps-15"
2556,"2012","22103665","atp-2"
2557,"2012","22103665","inf-1"
2558,"2012","22103665","rps-5"
2559,"2012","22103665","eef-2"
2560,"2012","22103665","rpl-1"
2561,"2012","22103665","gdh-1"
2562,"2012","22103665","cpn-3"
2563,"2012","22103665","B0250.5"
2564,"2012","22103665","rars-1"
2565,"2012","22103665","rpl-10"
2566,"2012","22103665","rpl-7"
2567,"2012","22103665","cct-1"
2568,"2012","22103665","rpl-17"
2569,"2012","22103665","acs-4"
2570,"2012","22103665","rpl-3"
2571,"2012","22103665","rack-1"
2572,"2012","22103665","cct-8"
2573,"2012","22103665","rpl-7A"
2574,"2012","22212395","set-26"
2575,"2012","22212395","mes-2"
2576,"2012","22212395","jmjd-2"
2577,"2009","19749979","tcer-1"
2578,"2010","20332814","odr-2"
2579,"2010","20332814","odr-7"
2580,"2012","22560223","raga-1"
2581,"2012","22560223","ragc-1"
2582,"2011","21901113","BUL2"
2583,"2011","21533078","pdp-1"
2584,"2011","21386131","eat-18"
2585,"2011","21386131","elo-1"
2586,"2011","21386131","elo-2"
2587,"2011","21386131","fat-4"
2588,"2010","20686706","mub"
2589,"2010","20686706","crol"
2590,"2010","20686706","esg"
2591,"2004","15514051","CDC26"
2592,"2004","15514051","APC9"
2593,"2004","15514051","APC10"
2594,"2004","15514051","APC5"
2595,"2004","15514051","APC5"
2596,"2004","15514051","APC10"
2597,"2004","15514051","MIG1"
2598,"2013","23342062","TDH2"
2599,"2012","22103665","rps-14"
2600,"2012","22103665","rps-11"
2601,"2012","22103665","rps-23"
2602,"2012","22103665","pab-1"
2603,"2012","22103665","sca-1"
2604,"2012","22103665","ucr-1"
2605,"2012","22212395","set-9"
2606,"2012","22212395","utx-1"
2607,"2012","22212395","rbr-2"
2608,"2010","20332814","odr-3"
2609,"2008","18988854","lipl-4"
2610,"2011","21386131","unc-31"
2611,"2015","25635753","nsun-5"
2612,"2015","25808276","Mstn"
2614,"2015","25846707","Siglece"
2615,"2015","26084806","Vinc"
2616,"2016","27313316","AhcyL1"
2617,"2016","27313316","AhcyL2"
2618,"2015","26265729","teq"
2619,"2016","27717342","impt-1"
2620,"2016","27572262","trh"
2621,"2016","27572262","5-HT2A"
2622,"2016","27572262","JhI-21"
2623,"2016","27690135","eif-3.K"
2624,"2017","27730721","lin-28"
2625,"2016","27557896","apl-1"
2626,"2015","26195740","hel-1"
2627,"2016","27064409","miro-1"
2628,"2015","26383889","Gnmt"
2629,"2015","26361075","elc-1"
2630,"2015","26319556","Nmdmc"
2631,"2016","27448710","CG9940"
2632,"2015","26299918","bmk-1"
2633,"2016","26918946","acn-1"
2634,"2016","26705243","CG14207"
2635,"2016","26705243","Hsp67Bc"
2636,"2016","26976705","G6PD"
2637,"2016","26781291","ATPCL"
2638,"2016","26781291","chm"
2639,"2016","26923601","argk-1"
2640,"2016","27067525","Top3alpha"
2641,"2016","27264606","TSA1"
2642,"2016","27346163","SSC1"
2643,"2016","27474729","PHO84"
2644,"2015","26620638","bcat-1"
2645,"2015","26620638","T25B9.1"
2646,"2015","26620638","ndk-1"
2647,"2015","26620638","ifd-1"
2648,"2015","26620638","tba-4"
2649,"2015","26620638","ifa-3"
2650,"2015","26620638","try-1"
2651,"2015","26620638","ifp-1"
2652,"2015","26620638","fkh-7"
2653,"2015","26620638","csp-2"
2654,"2015","26456335","RPL16B"
2655,"2015","26456335","RPL26A"
2656,"2015","26456335","RPL2B"
2657,"2015","26456335","RPL35A"
2658,"2015","26456335","RPS12"
2659,"2015","26456335","IMG1"
2660,"2015","26456335","IMG2"
2661,"2015","26456335","MRPL33"
2662,"2015","26456335","MRPL40"
2663,"2015","26456335","MRPL49"
2664,"2015","26456335","MSK1"
2665,"2015","26456335","MRX14"
2666,"2015","26456335","SDH5"
2667,"2015","26456335","SDH1"
2668,"2015","26456335","SDH2"
2669,"2015","26456335","ALG6"
2670,"2015","26456335","EOS1"
2671,"2015","26456335","MNN1"
2672,"2015","26456335","MNN2"
2673,"2015","26456335","PMT5"
2674,"2015","26456335","YUR1"
2675,"2015","26456335","SGF11"
2676,"2016","27803394","Mtbp"
2677,"2013","23925298","hlh-30"
2678,"2016","27133166","lin-65"
2679,"2016","27133166","met-2"
2680,"2016","27783936","Ire1"
2681,"2016","27799288","NAT4"
2682,"2015","26378219","Hex-A"
2683,"2015","26378219","Hex-C"
2684,"2015","26378219","Gpdh"
2685,"2015","26232943","GMFB"
2686,"2015","26586189","fmo-2"
2687,"2016","26671266","vit-1"
2688,"2015","26656270","ule-1"
2689,"2015","26656270","ule-2"
2690,"2015","26656270","ule-3"
2691,"2015","26656270","ule-4"
2692,"2015","26656270","ule-5"
2693,"2016","27001890","mml-1"
2694,"2016","27088856","Per2"
2695,"2015","25927599","SOD3"
2696,"2015","25186652","mir-124"
2697,"2015","25723162","aak-2"
